ID,Name,Category,Type,Destination,Area,Price,Rating,Description
1,Safari 731,Activity,Experience,Dooars,City Center,,3.4,Activity in Dooars with great experience
2,Himalayan Dine 593,Restaurant,Food,Gangtok,MG Marg,378 INR,4.9,Restaurant in Gangtok with great experience
3,Safari 307,Activity,Experience,Dooars,Tea Garden,,3.2,Activity in Dooars with great experience
4,View Point 707,Attraction,Experience,Lava,City Center,,4.7,Attraction in Lava with great experience
5,Hilltop Cafe 245,Cafe,Food,Darjeeling,Mall Road,740 INR,4.5,Cafe in Darjeeling with great experience
6,Cafe Aroma 37,Cafe,Food,Gangtok,MG Marg,853 INR,3.0,Cafe in Gangtok with great experience
7,Monastery 366,Attraction,Experience,Gangtok,MG Marg,,4.4,Attraction in Gangtok with great experience
8,Winter Hub 319,Clothing Store,Shopping,Lava,Forest Area,,4.9,Clothing Store in Lava with great experience
9,Cafe Aroma 84,Cafe,Food,Darjeeling,Mall Road,201 INR,3.5,Cafe in Darjeeling with great experience
10,Safari 160,Activity,Experience,Dooars,City Center,,4.2,Activity in Dooars with great experience
11,Hotel Green View 156,Hotel,Stay,Darjeeling,Tea Garden,7729 INR,4.3,Hotel in Darjeeling with great experience
12,Valley View Stay 115,Homestay,Stay,Kurseong,Mall Road,4721 INR,3.4,Homestay in Kurseong with great experience
13,Pahari Homestay 333,Homestay,Stay,Mirik,City Center,2503 INR,4.2,Homestay in Mirik with great experience
14,Lake 184,Attraction,Experience,Darjeeling,Mall Road,,4.7,Attraction in Darjeeling with great experience
15,Lake 663,Attraction,Experience,Kalimpong,Forest Area,,3.1,Attraction in Kalimpong with great experience
16,Sunrise Coffee 279,Cafe,Food,Kurseong,Hill View,351 INR,3.0,Cafe in Kurseong with great experience
17,Waterfall 34,Attraction,Experience,Gangtok,MG Marg,,4.8,Attraction in Gangtok with great experience
18,Trekking 269,Activity,Experience,Gangtok,Hill View,,4.0,Activity in Gangtok with great experience
19,Lake 645,Attraction,Experience,Mirik,Hill View,,4.4,Attraction in Mirik with great experience
20,Himalayan Wear 865,Clothing Store,Shopping,Dooars,Tea Garden,,3.5,Clothing Store in Dooars with great experience
21,Hill Stay Inn 452,Hotel,Stay,Dooars,Tea Garden,4497 INR,4.5,Hotel in Dooars with great experience
22,Cafe Aroma 464,Cafe,Food,Mirik,City Center,762 INR,3.8,Cafe in Mirik with great experience
23,Skyline Hotel 826,Hotel,Stay,Darjeeling,Mall Road,2824 INR,3.8,Hotel in Darjeeling with great experience
24,Toy Train Ride 639,Activity,Experience,Darjeeling,City Center,,3.4,Activity in Darjeeling with great experience
25,Food Valley 716,Restaurant,Food,Kurseong,Tea Garden,663 INR,4.7,Restaurant in Kurseong with great experience
26,Spice Route 74,Restaurant,Food,Gangtok,MG Marg,659 INR,3.0,Restaurant in Gangtok with great experience
27,Himalayan Dine 668,Restaurant,Food,Gangtok,Hill View,555 INR,3.0,Restaurant in Gangtok with great experience
28,Peak Residency 198,Hotel,Stay,Kurseong,Forest Area,1407 INR,3.8,Hotel in Kurseong with great experience
29,Safari 343,Activity,Experience,Dooars,Forest Area,,3.7,Activity in Dooars with great experience
30,Valley View Stay 929,Homestay,Stay,Kalimpong,Mall Road,4057 INR,3.0,Homestay in Kalimpong with great experience
31,Safari 519,Activity,Experience,Dooars,Hill View,,3.7,Activity in Dooars with great experience
32,Sunrise Coffee 73,Cafe,Food,Gangtok,Hill View,150 INR,4.2,Cafe in Gangtok with great experience
33,Hotel Green View 851,Hotel,Stay,Darjeeling,Mall Road,6118 INR,5.0,Hotel in Darjeeling with great experience
34,Forest Resort 846,Resort,Stay,Lava,City Center,1174 INR,4.2,Resort in Lava with great experience
35,Food Valley 135,Restaurant,Food,Darjeeling,Mall Road,921 INR,3.3,Restaurant in Darjeeling with great experience
36,Waterfall 619,Attraction,Experience,Kalimpong,City Center,,4.9,Attraction in Kalimpong with great experience
37,Luxury Hills Resort 193,Resort,Stay,Kalimpong,City Center,2636 INR,3.6,Resort in Kalimpong with great experience
38,Himalayan Wear 694,Clothing Store,Shopping,Kalimpong,Forest Area,,4.1,Clothing Store in Kalimpong with great experience
39,Mountain Nest 505,Homestay,Stay,Darjeeling,Tea Garden,4910 INR,3.6,Homestay in Darjeeling with great experience
40,Pahari Homestay 785,Homestay,Stay,Mirik,City Center,6692 INR,4.2,Homestay in Mirik with great experience
41,Spice Route 95,Restaurant,Food,Darjeeling,Mall Road,369 INR,4.2,Restaurant in Darjeeling with great experience
42,Boating 361,Activity,Experience,Mirik,City Center,,4.3,Activity in Mirik with great experience
43,Skyline Hotel 286,Hotel,Stay,Gangtok,MG Marg,3295 INR,3.1,Hotel in Gangtok with great experience
44,Mountain Nest 336,Homestay,Stay,Kurseong,City Center,5094 INR,4.0,Homestay in Kurseong with great experience
45,Lake 891,Attraction,Experience,Kurseong,Forest Area,,4.9,Attraction in Kurseong with great experience
46,Hotel Green View 169,Hotel,Stay,Gangtok,City Center,3791 INR,3.9,Hotel in Gangtok with great experience
47,Waterfall 936,Attraction,Experience,Dooars,Forest Area,,3.9,Attraction in Dooars with great experience
48,Safari 516,Activity,Experience,Dooars,Forest Area,,3.5,Activity in Dooars with great experience
49,Trekking 337,Activity,Experience,Gangtok,MG Marg,,4.3,Activity in Gangtok with great experience
50,Forest Resort 554,Resort,Stay,Gangtok,City Center,3115 INR,4.1,Resort in Gangtok with great experience
51,Food Valley 185,Restaurant,Food,Dooars,City Center,336 INR,4.4,Restaurant in Dooars with great experience
52,View Point 673,Attraction,Experience,Mirik,Tea Garden,,4.7,Attraction in Mirik with great experience
53,Food Valley 603,Restaurant,Food,Lava,City Center,178 INR,4.6,Restaurant in Lava with great experience
54,Himalayan Wear 592,Clothing Store,Shopping,Dooars,Forest Area,,3.5,Clothing Store in Dooars with great experience
55,Cloud9 Cafe 95,Cafe,Food,Kalimpong,City Center,598 INR,4.3,Cafe in Kalimpong with great experience
56,Winter Hub 558,Clothing Store,Shopping,Gangtok,Mall Road,,3.4,Clothing Store in Gangtok with great experience
57,Cafe Aroma 187,Cafe,Food,Mirik,City Center,642 INR,4.7,Cafe in Mirik with great experience
58,Hill Stay Inn 165,Hotel,Stay,Gangtok,Hill View,2677 INR,4.1,Hotel in Gangtok with great experience
59,Forest Resort 668,Resort,Stay,Mirik,Tea Garden,6896 INR,4.3,Resort in Mirik with great experience
60,Hill Stay Inn 188,Hotel,Stay,Gangtok,Hill View,3453 INR,4.8,Hotel in Gangtok with great experience
61,View Point 772,Attraction,Experience,Kalimpong,Forest Area,,3.4,Attraction in Kalimpong with great experience
62,Spice Route 317,Restaurant,Food,Gangtok,MG Marg,443 INR,3.3,Restaurant in Gangtok with great experience
63,Himalayan Wear 61,Clothing Store,Shopping,Lava,Hill View,,4.4,Clothing Store in Lava with great experience
64,Winter Hub 434,Clothing Store,Shopping,Mirik,Tea Garden,,3.8,Clothing Store in Mirik with great experience
65,Peak Residency 598,Hotel,Stay,Gangtok,Mall Road,5572 INR,3.2,Hotel in Gangtok with great experience
66,Luxury Hills Resort 395,Resort,Stay,Darjeeling,Tea Garden,6871 INR,3.6,Resort in Darjeeling with great experience
67,Forest Resort 806,Resort,Stay,Gangtok,MG Marg,6190 INR,3.8,Resort in Gangtok with great experience
68,Himalayan Dine 439,Restaurant,Food,Kurseong,Hill View,710 INR,3.6,Restaurant in Kurseong with great experience
69,Himalayan Dine 604,Restaurant,Food,Gangtok,MG Marg,922 INR,4.5,Restaurant in Gangtok with great experience
70,Mountain Nest 681,Homestay,Stay,Dooars,Forest Area,4781 INR,3.2,Homestay in Dooars with great experience
71,Trekking 157,Activity,Experience,Darjeeling,Mall Road,,4.4,Activity in Darjeeling with great experience
72,Pahari Homestay 653,Homestay,Stay,Lava,Hill View,2326 INR,3.8,Homestay in Lava with great experience
73,Peak Residency 287,Hotel,Stay,Dooars,Forest Area,5787 INR,4.7,Hotel in Dooars with great experience
74,Valley View Stay 760,Homestay,Stay,Dooars,Tea Garden,5188 INR,4.0,Homestay in Dooars with great experience
75,Tea Garden Resort 24,Resort,Stay,Dooars,Forest Area,2054 INR,4.3,Resort in Dooars with great experience
76,Himalayan Wear 249,Clothing Store,Shopping,Gangtok,MG Marg,,3.9,Clothing Store in Gangtok with great experience
77,Mountain Brew 447,Cafe,Food,Darjeeling,Mall Road,429 INR,4.8,Cafe in Darjeeling with great experience
78,Spice Route 227,Restaurant,Food,Darjeeling,Mall Road,510 INR,3.5,Restaurant in Darjeeling with great experience
79,Safari 697,Activity,Experience,Dooars,City Center,,4.0,Activity in Dooars with great experience
80,Winter Hub 247,Clothing Store,Shopping,Kurseong,Forest Area,,4.5,Clothing Store in Kurseong with great experience
81,Cafe Aroma 701,Cafe,Food,Darjeeling,Mall Road,164 INR,4.7,Cafe in Darjeeling with great experience
82,Mountain Brew 237,Cafe,Food,Dooars,Tea Garden,233 INR,3.5,Cafe in Dooars with great experience
83,Boating 272,Activity,Experience,Mirik,Tea Garden,,4.1,Activity in Mirik with great experience
84,Himalayan Wear 253,Clothing Store,Shopping,Kurseong,Mall Road,,3.5,Clothing Store in Kurseong with great experience
85,Waterfall 614,Attraction,Experience,Darjeeling,Hill View,,3.0,Attraction in Darjeeling with great experience
86,Mountain Nest 699,Homestay,Stay,Kalimpong,Mall Road,6717 INR,4.9,Homestay in Kalimpong with great experience
87,Hotel Green View 285,Hotel,Stay,Mirik,Tea Garden,6372 INR,5.0,Hotel in Mirik with great experience
88,Boating 811,Activity,Experience,Mirik,City Center,,4.0,Activity in Mirik with great experience
89,Valley View Stay 826,Homestay,Stay,Dooars,Tea Garden,6672 INR,3.6,Homestay in Dooars with great experience
90,View Point 512,Attraction,Experience,Gangtok,MG Marg,,3.4,Attraction in Gangtok with great experience
91,Forest Resort 45,Resort,Stay,Kalimpong,Hill View,3507 INR,3.6,Resort in Kalimpong with great experience
92,Safari 680,Activity,Experience,Dooars,City Center,,3.1,Activity in Dooars with great experience
93,Pahari Homestay 797,Homestay,Stay,Mirik,Tea Garden,3652 INR,5.0,Homestay in Mirik with great experience
94,Lake 654,Attraction,Experience,Darjeeling,Forest Area,,3.9,Attraction in Darjeeling with great experience
95,Hotel Green View 822,Hotel,Stay,Gangtok,MG Marg,2026 INR,3.3,Hotel in Gangtok with great experience
96,Mountain Style 705,Clothing Store,Shopping,Kurseong,Hill View,,4.7,Clothing Store in Kurseong with great experience
97,Food Valley 566,Restaurant,Food,Dooars,Forest Area,994 INR,3.6,Restaurant in Dooars with great experience
98,Safari 608,Activity,Experience,Dooars,Mall Road,,3.2,Activity in Dooars with great experience
99,Pahari Homestay 853,Homestay,Stay,Lava,Forest Area,2038 INR,4.8,Homestay in Lava with great experience
100,Mountain Nest 681,Homestay,Stay,Darjeeling,Hill View,3671 INR,4.6,Homestay in Darjeeling with great experience
101,Tea Garden Resort 557,Resort,Stay,Dooars,City Center,7524 INR,3.1,Resort in Dooars with great experience
102,Mountain Nest 251,Homestay,Stay,Lava,Forest Area,5740 INR,3.1,Homestay in Lava with great experience
103,View Point 358,Attraction,Experience,Mirik,Hill View,,4.1,Attraction in Mirik with great experience
104,Food Valley 540,Restaurant,Food,Dooars,Forest Area,496 INR,4.9,Restaurant in Dooars with great experience
105,Pahari Homestay 867,Homestay,Stay,Kurseong,City Center,5120 INR,4.7,Homestay in Kurseong with great experience
106,Hotel Green View 567,Hotel,Stay,Lava,Hill View,3498 INR,3.0,Hotel in Lava with great experience
107,Safari 172,Activity,Experience,Dooars,City Center,,4.0,Activity in Dooars with great experience
108,Mountain Brew 791,Cafe,Food,Lava,Hill View,606 INR,4.2,Cafe in Lava with great experience
109,Forest Resort 340,Resort,Stay,Gangtok,MG Marg,3769 INR,3.3,Resort in Gangtok with great experience
110,Monastery 32,Attraction,Experience,Darjeeling,City Center,,4.6,Attraction in Darjeeling with great experience
111,Mountain Nest 676,Homestay,Stay,Gangtok,MG Marg,6922 INR,4.2,Homestay in Gangtok with great experience
112,Safari 417,Activity,Experience,Dooars,Forest Area,,3.2,Activity in Dooars with great experience
113,Boating 482,Activity,Experience,Mirik,Mall Road,,4.7,Activity in Mirik with great experience
114,Trekking 111,Activity,Experience,Kalimpong,Forest Area,,3.3,Activity in Kalimpong with great experience
115,Spice Route 674,Restaurant,Food,Darjeeling,Mall Road,400 INR,3.6,Restaurant in Darjeeling with great experience
116,Hilltop Cafe 881,Cafe,Food,Darjeeling,Tea Garden,472 INR,4.4,Cafe in Darjeeling with great experience
117,Luxury Hills Resort 910,Resort,Stay,Kalimpong,Hill View,3086 INR,4.5,Resort in Kalimpong with great experience
118,Hotel Green View 912,Hotel,Stay,Darjeeling,Forest Area,6326 INR,3.5,Hotel in Darjeeling with great experience
119,Tea Garden Resort 427,Resort,Stay,Kurseong,Forest Area,4556 INR,4.3,Resort in Kurseong with great experience
120,Mountain Nest 504,Homestay,Stay,Kalimpong,Forest Area,1038 INR,4.8,Homestay in Kalimpong with great experience
121,Peak Residency 68,Hotel,Stay,Dooars,Forest Area,3779 INR,3.2,Hotel in Dooars with great experience
122,Trekking 168,Activity,Experience,Dooars,City Center,,3.4,Activity in Dooars with great experience
123,Himalayan Wear 520,Clothing Store,Shopping,Dooars,City Center,,4.9,Clothing Store in Dooars with great experience
124,Tea Garden Resort 640,Resort,Stay,Darjeeling,Hill View,2976 INR,3.4,Resort in Darjeeling with great experience
125,Lake 746,Attraction,Experience,Mirik,Tea Garden,,4.0,Attraction in Mirik with great experience
126,Trekking 298,Activity,Experience,Darjeeling,Tea Garden,,3.3,Activity in Darjeeling with great experience
127,Cloud9 Cafe 329,Cafe,Food,Darjeeling,City Center,567 INR,4.7,Cafe in Darjeeling with great experience
128,Winter Hub 628,Clothing Store,Shopping,Gangtok,MG Marg,,4.1,Clothing Store in Gangtok with great experience
129,Mountain Brew 534,Cafe,Food,Darjeeling,City Center,851 INR,4.2,Cafe in Darjeeling with great experience
130,Hilltop Cafe 964,Cafe,Food,Darjeeling,Forest Area,230 INR,3.2,Cafe in Darjeeling with great experience
131,Trekking 516,Activity,Experience,Kurseong,City Center,,3.7,Activity in Kurseong with great experience
132,Lake 612,Attraction,Experience,Dooars,Forest Area,,3.2,Attraction in Dooars with great experience
133,Tea Garden Resort 813,Resort,Stay,Darjeeling,Forest Area,3534 INR,3.3,Resort in Darjeeling with great experience
134,Forest Resort 693,Resort,Stay,Dooars,Forest Area,1083 INR,5.0,Resort in Dooars with great experience
135,Trekking 229,Activity,Experience,Darjeeling,Tea Garden,,4.4,Activity in Darjeeling with great experience
136,Spice Route 202,Restaurant,Food,Gangtok,MG Marg,671 INR,4.7,Restaurant in Gangtok with great experience
137,Pahari Homestay 709,Homestay,Stay,Lava,City Center,1577 INR,4.0,Homestay in Lava with great experience
138,Waterfall 18,Attraction,Experience,Gangtok,MG Marg,,4.3,Attraction in Gangtok with great experience
139,Hill Stay Inn 798,Hotel,Stay,Kalimpong,Mall Road,1514 INR,4.1,Hotel in Kalimpong with great experience
140,Toy Train Ride 794,Activity,Experience,Darjeeling,City Center,,4.2,Activity in Darjeeling with great experience
141,Sunrise Coffee 161,Cafe,Food,Kalimpong,Hill View,312 INR,3.5,Cafe in Kalimpong with great experience
142,Cloud9 Cafe 27,Cafe,Food,Kurseong,Mall Road,566 INR,4.8,Cafe in Kurseong with great experience
143,Waterfall 944,Attraction,Experience,Kalimpong,City Center,,4.7,Attraction in Kalimpong with great experience
144,Mountain Style 990,Clothing Store,Shopping,Kurseong,Hill View,,4.8,Clothing Store in Kurseong with great experience
145,Cloud9 Cafe 913,Cafe,Food,Mirik,City Center,976 INR,4.2,Cafe in Mirik with great experience
146,Toy Train Ride 196,Activity,Experience,Darjeeling,Tea Garden,,5.0,Activity in Darjeeling with great experience
147,Skyline Hotel 124,Hotel,Stay,Gangtok,MG Marg,6011 INR,3.3,Hotel in Gangtok with great experience
148,Tea Garden Resort 22,Resort,Stay,Mirik,Hill View,1006 INR,3.6,Resort in Mirik with great experience
149,Mountain Nest 127,Homestay,Stay,Kurseong,Hill View,2134 INR,3.5,Homestay in Kurseong with great experience
150,Cloud9 Cafe 378,Cafe,Food,Kurseong,Tea Garden,546 INR,3.7,Cafe in Kurseong with great experience
151,Toy Train Ride 992,Activity,Experience,Darjeeling,Mall Road,,3.7,Activity in Darjeeling with great experience
152,Valley View Stay 509,Homestay,Stay,Gangtok,Mall Road,2657 INR,4.2,Homestay in Gangtok with great experience
153,Toy Train Ride 982,Activity,Experience,Darjeeling,City Center,,4.1,Activity in Darjeeling with great experience
154,Hotel Green View 256,Hotel,Stay,Gangtok,City Center,5470 INR,3.1,Hotel in Gangtok with great experience
155,Valley View Stay 860,Homestay,Stay,Kurseong,City Center,2675 INR,3.2,Homestay in Kurseong with great experience
156,Mountain Style 337,Clothing Store,Shopping,Mirik,Tea Garden,,4.7,Clothing Store in Mirik with great experience
157,Spice Route 75,Restaurant,Food,Lava,Hill View,653 INR,3.7,Restaurant in Lava with great experience
158,Mountain Style 926,Clothing Store,Shopping,Darjeeling,Hill View,,4.2,Clothing Store in Darjeeling with great experience
159,Tea Garden Resort 952,Resort,Stay,Mirik,Tea Garden,1413 INR,3.1,Resort in Mirik with great experience
160,Lake 501,Attraction,Experience,Gangtok,City Center,,3.5,Attraction in Gangtok with great experience
161,Winter Hub 459,Clothing Store,Shopping,Kurseong,City Center,,3.9,Clothing Store in Kurseong with great experience
162,Himalayan Wear 395,Clothing Store,Shopping,Lava,Forest Area,,4.0,Clothing Store in Lava with great experience
163,Mountain Nest 998,Homestay,Stay,Kalimpong,Hill View,4202 INR,3.2,Homestay in Kalimpong with great experience
164,Pahari Homestay 39,Homestay,Stay,Darjeeling,Tea Garden,3412 INR,5.0,Homestay in Darjeeling with great experience
165,Sunrise Coffee 35,Cafe,Food,Darjeeling,Hill View,954 INR,4.9,Cafe in Darjeeling with great experience
166,Himalayan Dine 854,Restaurant,Food,Mirik,Hill View,372 INR,4.7,Restaurant in Mirik with great experience
167,Cafe Aroma 141,Cafe,Food,Mirik,Tea Garden,274 INR,3.8,Cafe in Mirik with great experience
168,Trekking 801,Activity,Experience,Gangtok,MG Marg,,4.8,Activity in Gangtok with great experience
169,Spice Route 366,Restaurant,Food,Lava,City Center,395 INR,4.5,Restaurant in Lava with great experience
170,Cafe Aroma 351,Cafe,Food,Darjeeling,Mall Road,587 INR,4.5,Cafe in Darjeeling with great experience
171,Himalayan Wear 310,Clothing Store,Shopping,Gangtok,MG Marg,,3.2,Clothing Store in Gangtok with great experience
172,Forest Resort 658,Resort,Stay,Darjeeling,City Center,7628 INR,4.2,Resort in Darjeeling with great experience
173,Hill Stay Inn 710,Hotel,Stay,Gangtok,MG Marg,6208 INR,4.6,Hotel in Gangtok with great experience
174,Toy Train Ride 723,Activity,Experience,Darjeeling,Mall Road,,4.9,Activity in Darjeeling with great experience
175,Mountain Brew 800,Cafe,Food,Kalimpong,Forest Area,658 INR,3.1,Cafe in Kalimpong with great experience
176,Pahari Homestay 269,Homestay,Stay,Darjeeling,Tea Garden,1298 INR,3.6,Homestay in Darjeeling with great experience
177,View Point 81,Attraction,Experience,Kalimpong,City Center,,3.4,Attraction in Kalimpong with great experience
178,Forest Resort 543,Resort,Stay,Gangtok,MG Marg,5689 INR,3.9,Resort in Gangtok with great experience
179,Sunrise Coffee 414,Cafe,Food,Darjeeling,Mall Road,633 INR,4.9,Cafe in Darjeeling with great experience
180,Hotel Green View 450,Hotel,Stay,Gangtok,MG Marg,6998 INR,4.3,Hotel in Gangtok with great experience
181,Winter Hub 458,Clothing Store,Shopping,Kurseong,Hill View,,3.4,Clothing Store in Kurseong with great experience
182,Food Valley 870,Restaurant,Food,Kalimpong,Hill View,865 INR,4.1,Restaurant in Kalimpong with great experience
183,Luxury Hills Resort 722,Resort,Stay,Gangtok,MG Marg,5422 INR,4.1,Resort in Gangtok with great experience
184,Hill Stay Inn 894,Hotel,Stay,Mirik,Tea Garden,6712 INR,3.5,Hotel in Mirik with great experience
185,Peak Residency 745,Hotel,Stay,Kalimpong,City Center,7601 INR,4.4,Hotel in Kalimpong with great experience
186,Hill Stay Inn 776,Hotel,Stay,Darjeeling,Tea Garden,4274 INR,4.9,Hotel in Darjeeling with great experience
187,Winter Hub 180,Clothing Store,Shopping,Dooars,Forest Area,,4.0,Clothing Store in Dooars with great experience
188,Food Valley 382,Restaurant,Food,Kurseong,Forest Area,850 INR,4.9,Restaurant in Kurseong with great experience
189,Cloud9 Cafe 965,Cafe,Food,Dooars,Forest Area,780 INR,4.8,Cafe in Dooars with great experience
190,Mountain Style 826,Clothing Store,Shopping,Dooars,Forest Area,,4.5,Clothing Store in Dooars with great experience
191,Mountain Style 239,Clothing Store,Shopping,Gangtok,Mall Road,,4.3,Clothing Store in Gangtok with great experience
192,Winter Hub 932,Clothing Store,Shopping,Kurseong,Tea Garden,,4.0,Clothing Store in Kurseong with great experience
193,Forest Resort 378,Resort,Stay,Dooars,City Center,6961 INR,4.2,Resort in Dooars with great experience
194,Tea Garden Resort 733,Resort,Stay,Gangtok,City Center,1520 INR,4.3,Resort in Gangtok with great experience
195,Safari 692,Activity,Experience,Dooars,City Center,,4.4,Activity in Dooars with great experience
196,Hill Stay Inn 486,Hotel,Stay,Kurseong,Forest Area,2228 INR,4.9,Hotel in Kurseong with great experience
197,Cafe Aroma 66,Cafe,Food,Gangtok,Hill View,453 INR,3.1,Cafe in Gangtok with great experience
198,Luxury Hills Resort 276,Resort,Stay,Darjeeling,Tea Garden,3221 INR,3.1,Resort in Darjeeling with great experience
199,Luxury Hills Resort 16,Resort,Stay,Gangtok,MG Marg,5588 INR,3.6,Resort in Gangtok with great experience
200,Mountain Nest 277,Homestay,Stay,Darjeeling,Tea Garden,5691 INR,4.0,Homestay in Darjeeling with great experience
201,Forest Resort 503,Resort,Stay,Kalimpong,Forest Area,5510 INR,3.4,Resort in Kalimpong with great experience
202,Hill Stay Inn 777,Hotel,Stay,Darjeeling,Forest Area,4822 INR,3.9,Hotel in Darjeeling with great experience
203,Peak Residency 910,Hotel,Stay,Darjeeling,Tea Garden,1261 INR,4.9,Hotel in Darjeeling with great experience
204,Mountain Nest 998,Homestay,Stay,Darjeeling,Hill View,7436 INR,4.3,Homestay in Darjeeling with great experience
205,Pahari Homestay 251,Homestay,Stay,Kurseong,City Center,6363 INR,4.0,Homestay in Kurseong with great experience
206,Skyline Hotel 204,Hotel,Stay,Kurseong,Mall Road,2051 INR,4.8,Hotel in Kurseong with great experience
207,Hilltop Cafe 633,Cafe,Food,Gangtok,MG Marg,495 INR,4.3,Cafe in Gangtok with great experience
208,Luxury Hills Resort 460,Resort,Stay,Gangtok,MG Marg,1889 INR,3.0,Resort in Gangtok with great experience
209,Himalayan Dine 558,Restaurant,Food,Kurseong,Hill View,794 INR,4.6,Restaurant in Kurseong with great experience
210,Pahari Homestay 823,Homestay,Stay,Gangtok,Hill View,2810 INR,3.4,Homestay in Gangtok with great experience
211,Mountain Style 107,Clothing Store,Shopping,Darjeeling,Hill View,,3.5,Clothing Store in Darjeeling with great experience
212,Himalayan Wear 582,Clothing Store,Shopping,Darjeeling,Tea Garden,,4.6,Clothing Store in Darjeeling with great experience
213,Mountain Style 661,Clothing Store,Shopping,Darjeeling,Tea Garden,,3.5,Clothing Store in Darjeeling with great experience
214,Trekking 363,Activity,Experience,Kalimpong,Forest Area,,3.9,Activity in Kalimpong with great experience
215,Cloud9 Cafe 717,Cafe,Food,Kalimpong,Mall Road,322 INR,3.4,Cafe in Kalimpong with great experience
216,Himalayan Wear 923,Clothing Store,Shopping,Gangtok,Hill View,,3.6,Clothing Store in Gangtok with great experience
217,Hotel Green View 871,Hotel,Stay,Gangtok,MG Marg,2675 INR,4.5,Hotel in Gangtok with great experience
218,Valley View Stay 920,Homestay,Stay,Gangtok,MG Marg,1096 INR,4.5,Homestay in Gangtok with great experience
219,Mountain Nest 125,Homestay,Stay,Kalimpong,Hill View,5799 INR,3.7,Homestay in Kalimpong with great experience
220,Taste of Hills 202,Restaurant,Food,Mirik,City Center,452 INR,3.0,Restaurant in Mirik with great experience
221,Himalayan Dine 884,Restaurant,Food,Gangtok,MG Marg,666 INR,3.7,Restaurant in Gangtok with great experience
222,Monastery 49,Attraction,Experience,Dooars,Tea Garden,,4.0,Attraction in Dooars with great experience
223,Cloud9 Cafe 463,Cafe,Food,Gangtok,MG Marg,470 INR,3.4,Cafe in Gangtok with great experience
224,Forest Resort 691,Resort,Stay,Kurseong,Mall Road,3705 INR,4.4,Resort in Kurseong with great experience
225,Pahari Homestay 311,Homestay,Stay,Lava,Forest Area,7635 INR,3.6,Homestay in Lava with great experience
226,Winter Hub 65,Clothing Store,Shopping,Kalimpong,Forest Area,,3.6,Clothing Store in Kalimpong with great experience
227,Cloud9 Cafe 715,Cafe,Food,Gangtok,MG Marg,831 INR,4.2,Cafe in Gangtok with great experience
228,Hilltop Cafe 687,Cafe,Food,Dooars,Forest Area,113 INR,3.1,Cafe in Dooars with great experience
229,Himalayan Wear 225,Clothing Store,Shopping,Lava,City Center,,3.1,Clothing Store in Lava with great experience
230,Safari 969,Activity,Experience,Dooars,Forest Area,,3.4,Activity in Dooars with great experience
231,Luxury Hills Resort 329,Resort,Stay,Darjeeling,Mall Road,2026 INR,4.9,Resort in Darjeeling with great experience
232,Pahari Homestay 511,Homestay,Stay,Lava,City Center,4286 INR,3.0,Homestay in Lava with great experience
233,Skyline Hotel 266,Hotel,Stay,Kalimpong,Forest Area,4053 INR,3.2,Hotel in Kalimpong with great experience
234,Himalayan Wear 25,Clothing Store,Shopping,Dooars,Tea Garden,,4.6,Clothing Store in Dooars with great experience
235,Spice Route 781,Restaurant,Food,Lava,City Center,418 INR,4.2,Restaurant in Lava with great experience
236,Sunrise Coffee 238,Cafe,Food,Kalimpong,City Center,130 INR,4.2,Cafe in Kalimpong with great experience
237,Himalayan Dine 50,Restaurant,Food,Mirik,City Center,713 INR,4.9,Restaurant in Mirik with great experience
238,Peak Residency 444,Hotel,Stay,Lava,Hill View,1688 INR,3.5,Hotel in Lava with great experience
239,Mountain Nest 22,Homestay,Stay,Darjeeling,Hill View,7410 INR,4.5,Homestay in Darjeeling with great experience
240,Winter Hub 298,Clothing Store,Shopping,Darjeeling,Hill View,,4.3,Clothing Store in Darjeeling with great experience
241,Safari 343,Activity,Experience,Dooars,City Center,,4.6,Activity in Dooars with great experience
242,Boating 217,Activity,Experience,Mirik,Mall Road,,3.2,Activity in Mirik with great experience
243,Winter Hub 258,Clothing Store,Shopping,Darjeeling,Hill View,,3.2,Clothing Store in Darjeeling with great experience
244,Pahari Homestay 682,Homestay,Stay,Dooars,City Center,1720 INR,4.1,Homestay in Dooars with great experience
245,Winter Hub 36,Clothing Store,Shopping,Kurseong,Forest Area,,3.8,Clothing Store in Kurseong with great experience
246,Toy Train Ride 5,Activity,Experience,Darjeeling,City Center,,4.5,Activity in Darjeeling with great experience
247,Winter Hub 719,Clothing Store,Shopping,Kalimpong,Forest Area,,3.7,Clothing Store in Kalimpong with great experience
248,Winter Hub 595,Clothing Store,Shopping,Darjeeling,Mall Road,,3.4,Clothing Store in Darjeeling with great experience
249,Taste of Hills 65,Restaurant,Food,Gangtok,MG Marg,592 INR,4.4,Restaurant in Gangtok with great experience
250,Hilltop Cafe 368,Cafe,Food,Gangtok,Mall Road,441 INR,4.9,Cafe in Gangtok with great experience
251,Mountain Style 148,Clothing Store,Shopping,Dooars,Forest Area,,4.2,Clothing Store in Dooars with great experience
252,Lake 930,Attraction,Experience,Gangtok,MG Marg,,3.2,Attraction in Gangtok with great experience
253,Tea Garden Resort 474,Resort,Stay,Mirik,City Center,2935 INR,4.7,Resort in Mirik with great experience
254,Mountain Nest 147,Homestay,Stay,Darjeeling,Mall Road,5271 INR,4.9,Homestay in Darjeeling with great experience
255,Food Valley 626,Restaurant,Food,Kalimpong,City Center,379 INR,3.4,Restaurant in Kalimpong with great experience
256,Winter Hub 50,Clothing Store,Shopping,Gangtok,City Center,,4.1,Clothing Store in Gangtok with great experience
257,Hilltop Cafe 774,Cafe,Food,Darjeeling,Tea Garden,673 INR,4.9,Cafe in Darjeeling with great experience
258,Mountain Nest 563,Homestay,Stay,Darjeeling,Forest Area,7131 INR,4.6,Homestay in Darjeeling with great experience
259,Mountain Brew 400,Cafe,Food,Lava,Forest Area,319 INR,3.9,Cafe in Lava with great experience
260,Winter Hub 755,Clothing Store,Shopping,Gangtok,City Center,,4.9,Clothing Store in Gangtok with great experience
261,Pahari Homestay 544,Homestay,Stay,Darjeeling,Tea Garden,1096 INR,5.0,Homestay in Darjeeling with great experience
262,Spice Route 660,Restaurant,Food,Gangtok,Mall Road,214 INR,3.5,Restaurant in Gangtok with great experience
263,Trekking 133,Activity,Experience,Gangtok,MG Marg,,4.4,Activity in Gangtok with great experience
264,Taste of Hills 504,Restaurant,Food,Kalimpong,Forest Area,135 INR,4.4,Restaurant in Kalimpong with great experience
265,Mountain Brew 318,Cafe,Food,Gangtok,MG Marg,699 INR,4.1,Cafe in Gangtok with great experience
266,Taste of Hills 947,Restaurant,Food,Darjeeling,Mall Road,863 INR,4.4,Restaurant in Darjeeling with great experience
267,Cloud9 Cafe 962,Cafe,Food,Gangtok,Mall Road,589 INR,3.5,Cafe in Gangtok with great experience
268,Spice Route 796,Restaurant,Food,Darjeeling,Mall Road,266 INR,4.3,Restaurant in Darjeeling with great experience
269,Pahari Homestay 819,Homestay,Stay,Darjeeling,Tea Garden,2960 INR,4.3,Homestay in Darjeeling with great experience
270,Hill Stay Inn 476,Hotel,Stay,Kurseong,Tea Garden,1756 INR,4.8,Hotel in Kurseong with great experience
271,Mountain Style 406,Clothing Store,Shopping,Kurseong,Hill View,,3.7,Clothing Store in Kurseong with great experience
272,Mountain Brew 650,Cafe,Food,Kalimpong,Forest Area,583 INR,3.2,Cafe in Kalimpong with great experience
273,Hill Stay Inn 36,Hotel,Stay,Dooars,City Center,1042 INR,4.2,Hotel in Dooars with great experience
274,Himalayan Dine 559,Restaurant,Food,Darjeeling,Tea Garden,599 INR,4.5,Restaurant in Darjeeling with great experience
275,Skyline Hotel 843,Hotel,Stay,Gangtok,MG Marg,2603 INR,4.3,Hotel in Gangtok with great experience
276,Hill Stay Inn 560,Hotel,Stay,Darjeeling,Tea Garden,6587 INR,3.6,Hotel in Darjeeling with great experience
277,Winter Hub 556,Clothing Store,Shopping,Gangtok,MG Marg,,4.5,Clothing Store in Gangtok with great experience
278,Hilltop Cafe 846,Cafe,Food,Kurseong,Tea Garden,818 INR,3.3,Cafe in Kurseong with great experience
279,Toy Train Ride 854,Activity,Experience,Darjeeling,Hill View,,4.6,Activity in Darjeeling with great experience
280,Boating 639,Activity,Experience,Mirik,Mall Road,,3.8,Activity in Mirik with great experience
281,Pahari Homestay 337,Homestay,Stay,Mirik,Tea Garden,5615 INR,3.9,Homestay in Mirik with great experience
282,Mountain Nest 334,Homestay,Stay,Gangtok,MG Marg,2870 INR,3.8,Homestay in Gangtok with great experience
283,Toy Train Ride 182,Activity,Experience,Darjeeling,Hill View,,3.6,Activity in Darjeeling with great experience
284,Taste of Hills 144,Restaurant,Food,Darjeeling,Forest Area,357 INR,4.4,Restaurant in Darjeeling with great experience
285,Trekking 249,Activity,Experience,Gangtok,MG Marg,,3.2,Activity in Gangtok with great experience
286,View Point 223,Attraction,Experience,Darjeeling,Mall Road,,4.1,Attraction in Darjeeling with great experience
287,View Point 382,Attraction,Experience,Dooars,Forest Area,,4.8,Attraction in Dooars with great experience
288,Hotel Green View 401,Hotel,Stay,Mirik,City Center,4836 INR,4.8,Hotel in Mirik with great experience
289,Valley View Stay 690,Homestay,Stay,Gangtok,Hill View,7630 INR,3.9,Homestay in Gangtok with great experience
290,Cafe Aroma 441,Cafe,Food,Gangtok,MG Marg,509 INR,3.7,Cafe in Gangtok with great experience
291,Himalayan Dine 132,Restaurant,Food,Kalimpong,Mall Road,814 INR,4.3,Restaurant in Kalimpong with great experience
292,Forest Resort 67,Resort,Stay,Darjeeling,Tea Garden,1910 INR,4.6,Resort in Darjeeling with great experience
293,Himalayan Wear 377,Clothing Store,Shopping,Gangtok,MG Marg,,5.0,Clothing Store in Gangtok with great experience
294,Cafe Aroma 95,Cafe,Food,Gangtok,Mall Road,350 INR,5.0,Cafe in Gangtok with great experience
295,Peak Residency 627,Hotel,Stay,Kalimpong,Mall Road,4452 INR,4.7,Hotel in Kalimpong with great experience
296,Winter Hub 49,Clothing Store,Shopping,Lava,City Center,,3.9,Clothing Store in Lava with great experience
297,Hotel Green View 525,Hotel,Stay,Dooars,Forest Area,4277 INR,3.0,Hotel in Dooars with great experience
298,Sunrise Coffee 339,Cafe,Food,Gangtok,Hill View,964 INR,3.8,Cafe in Gangtok with great experience
299,Hill Stay Inn 952,Hotel,Stay,Mirik,Tea Garden,3392 INR,3.2,Hotel in Mirik with great experience
300,Food Valley 984,Restaurant,Food,Gangtok,MG Marg,587 INR,4.5,Restaurant in Gangtok with great experience
301,Peak Residency 84,Hotel,Stay,Lava,Forest Area,7900 INR,4.5,Hotel in Lava with great experience
302,Toy Train Ride 208,Activity,Experience,Darjeeling,City Center,,4.2,Activity in Darjeeling with great experience
303,Sunrise Coffee 852,Cafe,Food,Mirik,City Center,486 INR,4.8,Cafe in Mirik with great experience
304,Luxury Hills Resort 88,Resort,Stay,Kurseong,Hill View,6055 INR,3.3,Resort in Kurseong with great experience
305,Monastery 73,Attraction,Experience,Kalimpong,Hill View,,3.2,Attraction in Kalimpong with great experience
306,Tea Garden Resort 205,Resort,Stay,Kalimpong,Forest Area,5998 INR,3.6,Resort in Kalimpong with great experience
307,Food Valley 657,Restaurant,Food,Kalimpong,City Center,890 INR,4.1,Restaurant in Kalimpong with great experience
308,Hill Stay Inn 43,Hotel,Stay,Kurseong,City Center,4378 INR,3.1,Hotel in Kurseong with great experience
309,Winter Hub 126,Clothing Store,Shopping,Mirik,Hill View,,3.2,Clothing Store in Mirik with great experience
310,Safari 599,Activity,Experience,Dooars,Forest Area,,3.3,Activity in Dooars with great experience
311,View Point 350,Attraction,Experience,Darjeeling,Hill View,,4.5,Attraction in Darjeeling with great experience
312,Cafe Aroma 950,Cafe,Food,Gangtok,MG Marg,341 INR,3.7,Cafe in Gangtok with great experience
313,Mountain Brew 901,Cafe,Food,Darjeeling,City Center,872 INR,4.0,Cafe in Darjeeling with great experience
314,Skyline Hotel 672,Hotel,Stay,Gangtok,MG Marg,4272 INR,3.6,Hotel in Gangtok with great experience
315,Himalayan Wear 610,Clothing Store,Shopping,Darjeeling,Tea Garden,,4.4,Clothing Store in Darjeeling with great experience
316,Toy Train Ride 267,Activity,Experience,Darjeeling,Hill View,,4.8,Activity in Darjeeling with great experience
317,Winter Hub 687,Clothing Store,Shopping,Darjeeling,City Center,,4.4,Clothing Store in Darjeeling with great experience
318,Lake 732,Attraction,Experience,Darjeeling,City Center,,4.4,Attraction in Darjeeling with great experience
319,Hotel Green View 794,Hotel,Stay,Darjeeling,City Center,2951 INR,3.7,Hotel in Darjeeling with great experience
320,Hill Stay Inn 508,Hotel,Stay,Darjeeling,Tea Garden,4343 INR,3.7,Hotel in Darjeeling with great experience
321,Hill Stay Inn 154,Hotel,Stay,Gangtok,MG Marg,3881 INR,3.9,Hotel in Gangtok with great experience
322,Forest Resort 182,Resort,Stay,Gangtok,MG Marg,6098 INR,3.9,Resort in Gangtok with great experience
323,Hilltop Cafe 176,Cafe,Food,Darjeeling,Tea Garden,264 INR,4.0,Cafe in Darjeeling with great experience
324,Pahari Homestay 28,Homestay,Stay,Dooars,Forest Area,3219 INR,3.2,Homestay in Dooars with great experience
325,Mountain Style 148,Clothing Store,Shopping,Dooars,Forest Area,,4.9,Clothing Store in Dooars with great experience
326,Luxury Hills Resort 656,Resort,Stay,Gangtok,MG Marg,1038 INR,3.4,Resort in Gangtok with great experience
327,Sunrise Coffee 305,Cafe,Food,Gangtok,MG Marg,557 INR,4.4,Cafe in Gangtok with great experience
328,Hotel Green View 783,Hotel,Stay,Kalimpong,City Center,5286 INR,4.5,Hotel in Kalimpong with great experience
329,Himalayan Dine 456,Restaurant,Food,Gangtok,City Center,257 INR,4.7,Restaurant in Gangtok with great experience
330,Waterfall 719,Attraction,Experience,Mirik,Tea Garden,,4.0,Attraction in Mirik with great experience
331,Safari 24,Activity,Experience,Dooars,City Center,,3.3,Activity in Dooars with great experience
332,Hotel Green View 985,Hotel,Stay,Kalimpong,Mall Road,5464 INR,3.7,Hotel in Kalimpong with great experience
333,Valley View Stay 258,Homestay,Stay,Gangtok,MG Marg,3504 INR,3.1,Homestay in Gangtok with great experience
334,Himalayan Dine 89,Restaurant,Food,Kurseong,City Center,517 INR,3.8,Restaurant in Kurseong with great experience
335,Mountain Style 571,Clothing Store,Shopping,Mirik,Hill View,,4.3,Clothing Store in Mirik with great experience
336,Valley View Stay 870,Homestay,Stay,Kurseong,Forest Area,7789 INR,3.2,Homestay in Kurseong with great experience
337,Valley View Stay 427,Homestay,Stay,Darjeeling,Hill View,3513 INR,3.3,Homestay in Darjeeling with great experience
338,Hotel Green View 13,Hotel,Stay,Lava,Hill View,7216 INR,4.1,Hotel in Lava with great experience
339,Mountain Nest 810,Homestay,Stay,Kurseong,Hill View,3117 INR,4.1,Homestay in Kurseong with great experience
340,Skyline Hotel 408,Hotel,Stay,Gangtok,MG Marg,1440 INR,3.5,Hotel in Gangtok with great experience
341,Mountain Style 993,Clothing Store,Shopping,Kalimpong,Forest Area,,4.1,Clothing Store in Kalimpong with great experience
342,Valley View Stay 661,Homestay,Stay,Mirik,City Center,2502 INR,4.0,Homestay in Mirik with great experience
343,Himalayan Dine 329,Restaurant,Food,Darjeeling,Mall Road,624 INR,3.6,Restaurant in Darjeeling with great experience
344,Hilltop Cafe 864,Cafe,Food,Darjeeling,Tea Garden,826 INR,3.8,Cafe in Darjeeling with great experience
345,Pahari Homestay 70,Homestay,Stay,Gangtok,MG Marg,4111 INR,4.1,Homestay in Gangtok with great experience
346,Spice Route 433,Restaurant,Food,Darjeeling,Hill View,549 INR,4.5,Restaurant in Darjeeling with great experience
347,Mountain Style 96,Clothing Store,Shopping,Gangtok,MG Marg,,3.0,Clothing Store in Gangtok with great experience
348,Waterfall 877,Attraction,Experience,Mirik,City Center,,4.9,Attraction in Mirik with great experience
349,Luxury Hills Resort 770,Resort,Stay,Kalimpong,City Center,1884 INR,4.5,Resort in Kalimpong with great experience
350,View Point 621,Attraction,Experience,Kurseong,City Center,,4.7,Attraction in Kurseong with great experience
351,View Point 537,Attraction,Experience,Gangtok,MG Marg,,4.7,Attraction in Gangtok with great experience
352,Monastery 652,Attraction,Experience,Gangtok,MG Marg,,3.1,Attraction in Gangtok with great experience
353,Food Valley 683,Restaurant,Food,Lava,Hill View,283 INR,4.6,Restaurant in Lava with great experience
354,Forest Resort 976,Resort,Stay,Darjeeling,City Center,2169 INR,3.3,Resort in Darjeeling with great experience
355,Valley View Stay 684,Homestay,Stay,Lava,Forest Area,4730 INR,4.8,Homestay in Lava with great experience
356,Lake 736,Attraction,Experience,Darjeeling,Mall Road,,3.4,Attraction in Darjeeling with great experience
357,Waterfall 632,Attraction,Experience,Darjeeling,Forest Area,,4.9,Attraction in Darjeeling with great experience
358,Peak Residency 801,Hotel,Stay,Darjeeling,Tea Garden,1087 INR,3.1,Hotel in Darjeeling with great experience
359,Spice Route 846,Restaurant,Food,Darjeeling,Tea Garden,115 INR,4.3,Restaurant in Darjeeling with great experience
360,Taste of Hills 511,Restaurant,Food,Kalimpong,City Center,603 INR,4.0,Restaurant in Kalimpong with great experience
361,Himalayan Wear 149,Clothing Store,Shopping,Darjeeling,Hill View,,4.4,Clothing Store in Darjeeling with great experience
362,Winter Hub 665,Clothing Store,Shopping,Kalimpong,Forest Area,,3.9,Clothing Store in Kalimpong with great experience
363,Cloud9 Cafe 349,Cafe,Food,Darjeeling,Mall Road,481 INR,4.6,Cafe in Darjeeling with great experience
364,Hill Stay Inn 53,Hotel,Stay,Darjeeling,Forest Area,942 INR,3.2,Hotel in Darjeeling with great experience
365,Skyline Hotel 960,Hotel,Stay,Kalimpong,Forest Area,6529 INR,3.1,Hotel in Kalimpong with great experience
366,Monastery 52,Attraction,Experience,Darjeeling,Mall Road,,3.7,Attraction in Darjeeling with great experience
367,Food Valley 785,Restaurant,Food,Gangtok,Hill View,779 INR,4.9,Restaurant in Gangtok with great experience
368,Mountain Style 819,Clothing Store,Shopping,Gangtok,MG Marg,,4.5,Clothing Store in Gangtok with great experience
369,Hilltop Cafe 708,Cafe,Food,Darjeeling,Tea Garden,775 INR,4.4,Cafe in Darjeeling with great experience
370,Winter Hub 147,Clothing Store,Shopping,Gangtok,Mall Road,,3.7,Clothing Store in Gangtok with great experience
371,Safari 746,Activity,Experience,Dooars,Forest Area,,3.5,Activity in Dooars with great experience
372,Spice Route 701,Restaurant,Food,Dooars,Tea Garden,858 INR,3.3,Restaurant in Dooars with great experience
373,Monastery 245,Attraction,Experience,Dooars,Tea Garden,,3.7,Attraction in Dooars with great experience
374,Food Valley 514,Restaurant,Food,Lava,Forest Area,811 INR,3.8,Restaurant in Lava with great experience
375,Hill Stay Inn 597,Hotel,Stay,Darjeeling,Hill View,1679 INR,3.3,Hotel in Darjeeling with great experience
376,Spice Route 663,Restaurant,Food,Kurseong,Forest Area,977 INR,4.4,Restaurant in Kurseong with great experience
377,Forest Resort 152,Resort,Stay,Darjeeling,Hill View,2068 INR,4.4,Resort in Darjeeling with great experience
378,Mountain Style 13,Clothing Store,Shopping,Kurseong,City Center,,4.2,Clothing Store in Kurseong with great experience
379,Luxury Hills Resort 347,Resort,Stay,Lava,Forest Area,1303 INR,3.6,Resort in Lava with great experience
380,Spice Route 881,Restaurant,Food,Mirik,Hill View,919 INR,4.0,Restaurant in Mirik with great experience
381,Hilltop Cafe 421,Cafe,Food,Lava,City Center,479 INR,3.9,Cafe in Lava with great experience
382,Forest Resort 173,Resort,Stay,Darjeeling,Mall Road,2156 INR,3.9,Resort in Darjeeling with great experience
383,Forest Resort 767,Resort,Stay,Darjeeling,City Center,5219 INR,4.4,Resort in Darjeeling with great experience
384,Taste of Hills 359,Restaurant,Food,Darjeeling,Tea Garden,222 INR,4.8,Restaurant in Darjeeling with great experience
385,Winter Hub 391,Clothing Store,Shopping,Gangtok,City Center,,4.7,Clothing Store in Gangtok with great experience
386,Food Valley 507,Restaurant,Food,Darjeeling,Mall Road,412 INR,3.9,Restaurant in Darjeeling with great experience
387,Hotel Green View 70,Hotel,Stay,Darjeeling,Mall Road,5409 INR,3.7,Hotel in Darjeeling with great experience
388,Himalayan Wear 717,Clothing Store,Shopping,Kurseong,Forest Area,,4.7,Clothing Store in Kurseong with great experience
389,Mountain Nest 662,Homestay,Stay,Lava,City Center,7617 INR,3.3,Homestay in Lava with great experience
390,Mountain Style 172,Clothing Store,Shopping,Kalimpong,Forest Area,,3.3,Clothing Store in Kalimpong with great experience
391,Taste of Hills 589,Restaurant,Food,Kalimpong,City Center,715 INR,4.8,Restaurant in Kalimpong with great experience
392,Food Valley 83,Restaurant,Food,Gangtok,MG Marg,692 INR,4.4,Restaurant in Gangtok with great experience
393,Tea Garden Resort 912,Resort,Stay,Darjeeling,Mall Road,4899 INR,3.8,Resort in Darjeeling with great experience
394,Winter Hub 382,Clothing Store,Shopping,Darjeeling,Tea Garden,,4.3,Clothing Store in Darjeeling with great experience
395,Forest Resort 694,Resort,Stay,Gangtok,MG Marg,7256 INR,3.8,Resort in Gangtok with great experience
396,Trekking 534,Activity,Experience,Lava,Forest Area,,4.6,Activity in Lava with great experience
397,Mountain Style 637,Clothing Store,Shopping,Gangtok,MG Marg,,3.1,Clothing Store in Gangtok with great experience
398,Food Valley 857,Restaurant,Food,Darjeeling,Mall Road,199 INR,4.9,Restaurant in Darjeeling with great experience
399,Winter Hub 49,Clothing Store,Shopping,Gangtok,MG Marg,,4.9,Clothing Store in Gangtok with great experience
400,Taste of Hills 561,Restaurant,Food,Kurseong,City Center,858 INR,3.1,Restaurant in Kurseong with great experience
401,Cloud9 Cafe 572,Cafe,Food,Lava,Hill View,982 INR,3.2,Cafe in Lava with great experience
402,Hill Stay Inn 453,Hotel,Stay,Dooars,Forest Area,2660 INR,4.1,Hotel in Dooars with great experience
403,Waterfall 535,Attraction,Experience,Lava,Forest Area,,3.0,Attraction in Lava with great experience
404,Luxury Hills Resort 996,Resort,Stay,Dooars,Tea Garden,6871 INR,4.9,Resort in Dooars with great experience
405,Mountain Style 660,Clothing Store,Shopping,Darjeeling,Tea Garden,,4.2,Clothing Store in Darjeeling with great experience
406,Monastery 734,Attraction,Experience,Dooars,Tea Garden,,4.7,Attraction in Dooars with great experience
407,Winter Hub 621,Clothing Store,Shopping,Darjeeling,City Center,,3.7,Clothing Store in Darjeeling with great experience
408,Cafe Aroma 659,Cafe,Food,Dooars,City Center,600 INR,4.7,Cafe in Dooars with great experience
409,Skyline Hotel 835,Hotel,Stay,Kurseong,Tea Garden,1105 INR,4.5,Hotel in Kurseong with great experience
410,Mountain Nest 63,Homestay,Stay,Darjeeling,Hill View,4840 INR,3.2,Homestay in Darjeeling with great experience
411,Tea Garden Resort 207,Resort,Stay,Kurseong,Forest Area,2490 INR,4.5,Resort in Kurseong with great experience
412,Skyline Hotel 511,Hotel,Stay,Mirik,City Center,5838 INR,3.7,Hotel in Mirik with great experience
413,Valley View Stay 865,Homestay,Stay,Gangtok,MG Marg,6241 INR,4.3,Homestay in Gangtok with great experience
414,Cloud9 Cafe 288,Cafe,Food,Darjeeling,Mall Road,504 INR,4.3,Cafe in Darjeeling with great experience
415,Boating 128,Activity,Experience,Mirik,City Center,,3.9,Activity in Mirik with great experience
416,Toy Train Ride 83,Activity,Experience,Darjeeling,Tea Garden,,3.5,Activity in Darjeeling with great experience
417,Food Valley 531,Restaurant,Food,Lava,Forest Area,246 INR,3.2,Restaurant in Lava with great experience
418,Mountain Nest 500,Homestay,Stay,Lava,Forest Area,7997 INR,4.9,Homestay in Lava with great experience
419,Luxury Hills Resort 702,Resort,Stay,Dooars,Forest Area,7960 INR,3.3,Resort in Dooars with great experience
420,Waterfall 555,Attraction,Experience,Darjeeling,Hill View,,3.8,Attraction in Darjeeling with great experience
421,Hill Stay Inn 693,Hotel,Stay,Darjeeling,Tea Garden,6286 INR,4.4,Hotel in Darjeeling with great experience
422,Hilltop Cafe 471,Cafe,Food,Gangtok,MG Marg,353 INR,3.6,Cafe in Gangtok with great experience
423,Mountain Style 565,Clothing Store,Shopping,Kalimpong,Hill View,,4.1,Clothing Store in Kalimpong with great experience
424,Valley View Stay 838,Homestay,Stay,Dooars,Forest Area,1461 INR,4.0,Homestay in Dooars with great experience
425,Himalayan Wear 817,Clothing Store,Shopping,Dooars,Forest Area,,3.6,Clothing Store in Dooars with great experience
426,Toy Train Ride 825,Activity,Experience,Darjeeling,City Center,,3.7,Activity in Darjeeling with great experience
427,Food Valley 433,Restaurant,Food,Mirik,Tea Garden,242 INR,4.4,Restaurant in Mirik with great experience
428,Spice Route 481,Restaurant,Food,Lava,Hill View,756 INR,3.0,Restaurant in Lava with great experience
429,Luxury Hills Resort 213,Resort,Stay,Kalimpong,City Center,3011 INR,3.7,Resort in Kalimpong with great experience
430,Hilltop Cafe 365,Cafe,Food,Darjeeling,Mall Road,118 INR,4.9,Cafe in Darjeeling with great experience
431,Lake 771,Attraction,Experience,Gangtok,City Center,,4.8,Attraction in Gangtok with great experience
432,Tea Garden Resort 415,Resort,Stay,Darjeeling,Tea Garden,1379 INR,3.7,Resort in Darjeeling with great experience
433,Skyline Hotel 750,Hotel,Stay,Dooars,City Center,5052 INR,3.7,Hotel in Dooars with great experience
434,Trekking 456,Activity,Experience,Gangtok,MG Marg,,3.2,Activity in Gangtok with great experience
435,Monastery 193,Attraction,Experience,Darjeeling,Mall Road,,4.6,Attraction in Darjeeling with great experience
436,Lake 605,Attraction,Experience,Darjeeling,Hill View,,3.0,Attraction in Darjeeling with great experience
437,Mountain Style 295,Clothing Store,Shopping,Darjeeling,Tea Garden,,4.4,Clothing Store in Darjeeling with great experience
438,Mountain Brew 319,Cafe,Food,Darjeeling,Mall Road,861 INR,4.4,Cafe in Darjeeling with great experience
439,Peak Residency 173,Hotel,Stay,Darjeeling,Tea Garden,1400 INR,3.5,Hotel in Darjeeling with great experience
440,Monastery 374,Attraction,Experience,Darjeeling,Tea Garden,,3.2,Attraction in Darjeeling with great experience
441,Lake 17,Attraction,Experience,Darjeeling,Tea Garden,,4.9,Attraction in Darjeeling with great experience
442,Forest Resort 240,Resort,Stay,Darjeeling,Mall Road,6380 INR,3.7,Resort in Darjeeling with great experience
443,Lake 416,Attraction,Experience,Darjeeling,Mall Road,,3.5,Attraction in Darjeeling with great experience
444,Himalayan Dine 664,Restaurant,Food,Darjeeling,Forest Area,264 INR,4.9,Restaurant in Darjeeling with great experience
445,Safari 183,Activity,Experience,Dooars,Hill View,,4.5,Activity in Dooars with great experience
446,Mountain Style 994,Clothing Store,Shopping,Gangtok,MG Marg,,4.2,Clothing Store in Gangtok with great experience
447,Mountain Style 578,Clothing Store,Shopping,Lava,Forest Area,,3.6,Clothing Store in Lava with great experience
448,Monastery 145,Attraction,Experience,Lava,City Center,,5.0,Attraction in Lava with great experience
449,Spice Route 613,Restaurant,Food,Kurseong,Hill View,976 INR,4.2,Restaurant in Kurseong with great experience
450,Skyline Hotel 97,Hotel,Stay,Darjeeling,Tea Garden,1067 INR,3.9,Hotel in Darjeeling with great experience
451,Skyline Hotel 717,Hotel,Stay,Dooars,Tea Garden,4952 INR,3.4,Hotel in Dooars with great experience
452,Forest Resort 948,Resort,Stay,Lava,City Center,5133 INR,5.0,Resort in Lava with great experience
453,Pahari Homestay 604,Homestay,Stay,Lava,Hill View,2499 INR,4.9,Homestay in Lava with great experience
454,Lake 91,Attraction,Experience,Darjeeling,Tea Garden,,3.9,Attraction in Darjeeling with great experience
455,Pahari Homestay 15,Homestay,Stay,Darjeeling,Mall Road,5589 INR,4.7,Homestay in Darjeeling with great experience
456,Forest Resort 321,Resort,Stay,Gangtok,MG Marg,1428 INR,4.4,Resort in Gangtok with great experience
457,Lake 326,Attraction,Experience,Darjeeling,City Center,,3.6,Attraction in Darjeeling with great experience
458,Mountain Nest 426,Homestay,Stay,Darjeeling,Tea Garden,4868 INR,3.9,Homestay in Darjeeling with great experience
459,Trekking 3,Activity,Experience,Darjeeling,Mall Road,,4.0,Activity in Darjeeling with great experience
460,Luxury Hills Resort 922,Resort,Stay,Gangtok,City Center,3942 INR,3.0,Resort in Gangtok with great experience
461,Hill Stay Inn 358,Hotel,Stay,Darjeeling,Tea Garden,7741 INR,4.2,Hotel in Darjeeling with great experience
462,Spice Route 212,Restaurant,Food,Dooars,Forest Area,515 INR,3.3,Restaurant in Dooars with great experience
463,Trekking 572,Activity,Experience,Kalimpong,Hill View,,3.4,Activity in Kalimpong with great experience
464,Himalayan Wear 799,Clothing Store,Shopping,Gangtok,MG Marg,,4.8,Clothing Store in Gangtok with great experience
465,Cloud9 Cafe 483,Cafe,Food,Darjeeling,Hill View,916 INR,3.9,Cafe in Darjeeling with great experience
466,Spice Route 981,Restaurant,Food,Gangtok,MG Marg,395 INR,4.8,Restaurant in Gangtok with great experience
467,Forest Resort 700,Resort,Stay,Gangtok,MG Marg,6113 INR,4.9,Resort in Gangtok with great experience
468,Waterfall 50,Attraction,Experience,Darjeeling,Mall Road,,3.9,Attraction in Darjeeling with great experience
469,Mountain Brew 840,Cafe,Food,Darjeeling,Hill View,295 INR,3.1,Cafe in Darjeeling with great experience
470,Mountain Nest 335,Homestay,Stay,Darjeeling,Mall Road,6063 INR,4.0,Homestay in Darjeeling with great experience
471,Mountain Nest 519,Homestay,Stay,Gangtok,MG Marg,3576 INR,4.6,Homestay in Gangtok with great experience
472,Taste of Hills 901,Restaurant,Food,Kalimpong,Forest Area,240 INR,4.5,Restaurant in Kalimpong with great experience
473,Luxury Hills Resort 229,Resort,Stay,Darjeeling,Mall Road,1176 INR,4.1,Resort in Darjeeling with great experience
474,Mountain Style 845,Clothing Store,Shopping,Darjeeling,Tea Garden,,4.0,Clothing Store in Darjeeling with great experience
475,Valley View Stay 414,Homestay,Stay,Dooars,Forest Area,1394 INR,4.7,Homestay in Dooars with great experience
476,Himalayan Wear 440,Clothing Store,Shopping,Dooars,Forest Area,,3.6,Clothing Store in Dooars with great experience
477,Peak Residency 538,Hotel,Stay,Gangtok,Hill View,5900 INR,4.5,Hotel in Gangtok with great experience
478,Sunrise Coffee 400,Cafe,Food,Darjeeling,Mall Road,786 INR,4.6,Cafe in Darjeeling with great experience
479,Luxury Hills Resort 386,Resort,Stay,Kalimpong,City Center,7297 INR,3.5,Resort in Kalimpong with great experience
480,Tea Garden Resort 243,Resort,Stay,Dooars,Tea Garden,2184 INR,3.3,Resort in Dooars with great experience
481,Hilltop Cafe 67,Cafe,Food,Darjeeling,Mall Road,576 INR,4.2,Cafe in Darjeeling with great experience
482,Forest Resort 704,Resort,Stay,Kalimpong,Mall Road,4953 INR,4.5,Resort in Kalimpong with great experience
483,Peak Residency 989,Hotel,Stay,Kalimpong,Hill View,3849 INR,3.9,Hotel in Kalimpong with great experience
484,Trekking 79,Activity,Experience,Kurseong,Mall Road,,3.8,Activity in Kurseong with great experience
485,Peak Residency 820,Hotel,Stay,Kurseong,Tea Garden,3951 INR,3.1,Hotel in Kurseong with great experience
486,Boating 752,Activity,Experience,Mirik,Tea Garden,,5.0,Activity in Mirik with great experience
487,Himalayan Dine 942,Restaurant,Food,Lava,Forest Area,634 INR,4.7,Restaurant in Lava with great experience
488,Hill Stay Inn 97,Hotel,Stay,Gangtok,MG Marg,6781 INR,4.5,Hotel in Gangtok with great experience
489,Safari 184,Activity,Experience,Dooars,City Center,,3.7,Activity in Dooars with great experience
490,Mountain Style 288,Clothing Store,Shopping,Dooars,Forest Area,,4.0,Clothing Store in Dooars with great experience
491,Peak Residency 89,Hotel,Stay,Darjeeling,Forest Area,5728 INR,4.7,Hotel in Darjeeling with great experience
492,Cafe Aroma 119,Cafe,Food,Kurseong,Forest Area,414 INR,4.6,Cafe in Kurseong with great experience
493,Mountain Style 787,Clothing Store,Shopping,Gangtok,MG Marg,,4.5,Clothing Store in Gangtok with great experience
494,Himalayan Wear 581,Clothing Store,Shopping,Kurseong,Tea Garden,,4.6,Clothing Store in Kurseong with great experience
495,Valley View Stay 679,Homestay,Stay,Darjeeling,Hill View,1621 INR,4.4,Homestay in Darjeeling with great experience
496,Himalayan Dine 852,Restaurant,Food,Darjeeling,Tea Garden,524 INR,3.1,Restaurant in Darjeeling with great experience
497,Mountain Nest 806,Homestay,Stay,Kurseong,Hill View,2365 INR,3.9,Homestay in Kurseong with great experience
498,Pahari Homestay 387,Homestay,Stay,Dooars,City Center,4441 INR,3.1,Homestay in Dooars with great experience
499,View Point 78,Attraction,Experience,Darjeeling,Mall Road,,3.1,Attraction in Darjeeling with great experience
500,Himalayan Wear 348,Clothing Store,Shopping,Kurseong,Tea Garden,,4.9,Clothing Store in Kurseong with great experience
501,Mountain Nest 955,Homestay,Stay,Darjeeling,Mall Road,4823 INR,4.1,Homestay in Darjeeling with great experience
502,Monastery 798,Attraction,Experience,Darjeeling,Forest Area,,4.3,Attraction in Darjeeling with great experience
503,Winter Hub 149,Clothing Store,Shopping,Darjeeling,Mall Road,,3.7,Clothing Store in Darjeeling with great experience
504,Safari 786,Activity,Experience,Dooars,Mall Road,,4.1,Activity in Dooars with great experience
505,Peak Residency 185,Hotel,Stay,Kurseong,Hill View,4169 INR,4.4,Hotel in Kurseong with great experience
506,Himalayan Wear 970,Clothing Store,Shopping,Gangtok,MG Marg,,4.5,Clothing Store in Gangtok with great experience
507,Tea Garden Resort 342,Resort,Stay,Mirik,Tea Garden,3835 INR,3.3,Resort in Mirik with great experience
508,Pahari Homestay 983,Homestay,Stay,Darjeeling,Mall Road,1886 INR,4.1,Homestay in Darjeeling with great experience
509,Food Valley 54,Restaurant,Food,Darjeeling,Hill View,749 INR,5.0,Restaurant in Darjeeling with great experience
510,Tea Garden Resort 460,Resort,Stay,Gangtok,MG Marg,4767 INR,4.1,Resort in Gangtok with great experience
511,Monastery 487,Attraction,Experience,Kalimpong,Mall Road,,4.9,Attraction in Kalimpong with great experience
512,Waterfall 620,Attraction,Experience,Gangtok,City Center,,4.2,Attraction in Gangtok with great experience
513,Winter Hub 639,Clothing Store,Shopping,Kalimpong,Forest Area,,4.8,Clothing Store in Kalimpong with great experience
514,Hotel Green View 459,Hotel,Stay,Dooars,City Center,5272 INR,4.7,Hotel in Dooars with great experience
515,Himalayan Dine 837,Restaurant,Food,Gangtok,MG Marg,138 INR,3.3,Restaurant in Gangtok with great experience
516,Boating 325,Activity,Experience,Mirik,Mall Road,,3.0,Activity in Mirik with great experience
517,Toy Train Ride 185,Activity,Experience,Darjeeling,Hill View,,3.3,Activity in Darjeeling with great experience
518,Trekking 47,Activity,Experience,Darjeeling,Tea Garden,,4.8,Activity in Darjeeling with great experience
519,Skyline Hotel 852,Hotel,Stay,Darjeeling,Tea Garden,2894 INR,4.6,Hotel in Darjeeling with great experience
520,Waterfall 396,Attraction,Experience,Kalimpong,Mall Road,,4.7,Attraction in Kalimpong with great experience
521,Mountain Nest 566,Homestay,Stay,Kalimpong,Mall Road,2487 INR,3.0,Homestay in Kalimpong with great experience
522,Valley View Stay 406,Homestay,Stay,Gangtok,MG Marg,2395 INR,3.7,Homestay in Gangtok with great experience
523,Peak Residency 563,Hotel,Stay,Darjeeling,Hill View,2706 INR,4.2,Hotel in Darjeeling with great experience
524,Hilltop Cafe 573,Cafe,Food,Kalimpong,Forest Area,484 INR,4.7,Cafe in Kalimpong with great experience
525,Winter Hub 358,Clothing Store,Shopping,Gangtok,MG Marg,,3.6,Clothing Store in Gangtok with great experience
526,Himalayan Wear 259,Clothing Store,Shopping,Gangtok,Hill View,,4.5,Clothing Store in Gangtok with great experience
527,Mountain Nest 371,Homestay,Stay,Darjeeling,Tea Garden,1283 INR,3.7,Homestay in Darjeeling with great experience
528,Luxury Hills Resort 536,Resort,Stay,Kalimpong,Mall Road,2386 INR,4.8,Resort in Kalimpong with great experience
529,Mountain Brew 354,Cafe,Food,Darjeeling,Mall Road,688 INR,3.5,Cafe in Darjeeling with great experience
530,Tea Garden Resort 373,Resort,Stay,Darjeeling,Hill View,4549 INR,3.6,Resort in Darjeeling with great experience
531,Forest Resort 42,Resort,Stay,Lava,Forest Area,7365 INR,3.8,Resort in Lava with great experience
532,Tea Garden Resort 770,Resort,Stay,Kurseong,Forest Area,2613 INR,4.3,Resort in Kurseong with great experience
533,Boating 937,Activity,Experience,Mirik,Tea Garden,,4.3,Activity in Mirik with great experience
534,Pahari Homestay 914,Homestay,Stay,Mirik,City Center,7261 INR,3.0,Homestay in Mirik with great experience
535,Food Valley 678,Restaurant,Food,Dooars,Tea Garden,919 INR,3.6,Restaurant in Dooars with great experience
536,Forest Resort 520,Resort,Stay,Dooars,City Center,2056 INR,4.0,Resort in Dooars with great experience
537,Peak Residency 267,Hotel,Stay,Gangtok,MG Marg,7100 INR,3.8,Hotel in Gangtok with great experience
538,Mountain Nest 272,Homestay,Stay,Lava,City Center,1006 INR,4.0,Homestay in Lava with great experience
539,Pahari Homestay 473,Homestay,Stay,Gangtok,Mall Road,829 INR,4.8,Homestay in Gangtok with great experience
540,Forest Resort 683,Resort,Stay,Gangtok,MG Marg,5854 INR,3.2,Resort in Gangtok with great experience
541,Luxury Hills Resort 491,Resort,Stay,Kurseong,Tea Garden,7862 INR,4.5,Resort in Kurseong with great experience
542,Tea Garden Resort 692,Resort,Stay,Kurseong,Forest Area,3087 INR,3.5,Resort in Kurseong with great experience
543,Mountain Style 619,Clothing Store,Shopping,Gangtok,MG Marg,,3.3,Clothing Store in Gangtok with great experience
544,Trekking 304,Activity,Experience,Darjeeling,Hill View,,3.5,Activity in Darjeeling with great experience
545,Himalayan Wear 811,Clothing Store,Shopping,Dooars,Tea Garden,,4.4,Clothing Store in Dooars with great experience
546,View Point 267,Attraction,Experience,Gangtok,City Center,,4.1,Attraction in Gangtok with great experience
547,Spice Route 485,Restaurant,Food,Kurseong,Forest Area,713 INR,4.5,Restaurant in Kurseong with great experience
548,Toy Train Ride 435,Activity,Experience,Darjeeling,City Center,,4.2,Activity in Darjeeling with great experience
549,Tea Garden Resort 977,Resort,Stay,Darjeeling,Tea Garden,7600 INR,4.7,Resort in Darjeeling with great experience
550,Valley View Stay 675,Homestay,Stay,Darjeeling,City Center,1623 INR,3.2,Homestay in Darjeeling with great experience
551,Food Valley 240,Restaurant,Food,Mirik,Hill View,290 INR,4.7,Restaurant in Mirik with great experience
552,Lake 219,Attraction,Experience,Dooars,City Center,,3.5,Attraction in Dooars with great experience
553,Trekking 645,Activity,Experience,Darjeeling,Mall Road,,3.2,Activity in Darjeeling with great experience
554,Himalayan Wear 313,Clothing Store,Shopping,Gangtok,MG Marg,,3.4,Clothing Store in Gangtok with great experience
555,Skyline Hotel 515,Hotel,Stay,Mirik,Tea Garden,4849 INR,4.8,Hotel in Mirik with great experience
556,Toy Train Ride 175,Activity,Experience,Darjeeling,Mall Road,,3.8,Activity in Darjeeling with great experience
557,Mountain Brew 644,Cafe,Food,Gangtok,MG Marg,385 INR,3.0,Cafe in Gangtok with great experience
558,View Point 343,Attraction,Experience,Kurseong,Hill View,,3.7,Attraction in Kurseong with great experience
559,Cloud9 Cafe 311,Cafe,Food,Darjeeling,Mall Road,182 INR,4.9,Cafe in Darjeeling with great experience
560,Himalayan Wear 531,Clothing Store,Shopping,Darjeeling,Mall Road,,3.5,Clothing Store in Darjeeling with great experience
561,Forest Resort 243,Resort,Stay,Gangtok,Mall Road,6413 INR,4.3,Resort in Gangtok with great experience
562,Mountain Nest 978,Homestay,Stay,Kurseong,Forest Area,7162 INR,4.9,Homestay in Kurseong with great experience
563,Monastery 648,Attraction,Experience,Darjeeling,Tea Garden,,3.9,Attraction in Darjeeling with great experience
564,Monastery 44,Attraction,Experience,Darjeeling,Tea Garden,,4.1,Attraction in Darjeeling with great experience
565,Valley View Stay 25,Homestay,Stay,Dooars,City Center,2438 INR,4.1,Homestay in Dooars with great experience
566,Hotel Green View 897,Hotel,Stay,Lava,Hill View,6695 INR,3.6,Hotel in Lava with great experience
567,Peak Residency 673,Hotel,Stay,Gangtok,MG Marg,1752 INR,3.6,Hotel in Gangtok with great experience
568,Safari 372,Activity,Experience,Dooars,City Center,,4.3,Activity in Dooars with great experience
569,Forest Resort 576,Resort,Stay,Kurseong,Forest Area,7922 INR,3.5,Resort in Kurseong with great experience
570,Peak Residency 356,Hotel,Stay,Kalimpong,City Center,2708 INR,3.1,Hotel in Kalimpong with great experience
571,Mountain Brew 904,Cafe,Food,Mirik,Tea Garden,763 INR,3.3,Cafe in Mirik with great experience
572,Mountain Nest 643,Homestay,Stay,Gangtok,MG Marg,6881 INR,3.4,Homestay in Gangtok with great experience
573,Tea Garden Resort 881,Resort,Stay,Lava,City Center,6698 INR,4.7,Resort in Lava with great experience
574,Skyline Hotel 660,Hotel,Stay,Mirik,City Center,2163 INR,3.3,Hotel in Mirik with great experience
575,Peak Residency 883,Hotel,Stay,Kalimpong,Hill View,3940 INR,3.1,Hotel in Kalimpong with great experience
576,Safari 309,Activity,Experience,Dooars,Mall Road,,3.5,Activity in Dooars with great experience
577,Skyline Hotel 558,Hotel,Stay,Lava,Forest Area,5053 INR,3.9,Hotel in Lava with great experience
578,Sunrise Coffee 852,Cafe,Food,Kurseong,Forest Area,874 INR,3.7,Cafe in Kurseong with great experience
579,Himalayan Wear 587,Clothing Store,Shopping,Darjeeling,Forest Area,,3.2,Clothing Store in Darjeeling with great experience
580,Safari 574,Activity,Experience,Dooars,Mall Road,,4.9,Activity in Dooars with great experience
581,Hotel Green View 418,Hotel,Stay,Kurseong,City Center,1587 INR,4.6,Hotel in Kurseong with great experience
582,Tea Garden Resort 856,Resort,Stay,Dooars,Forest Area,1019 INR,4.7,Resort in Dooars with great experience
583,Hilltop Cafe 932,Cafe,Food,Kalimpong,Mall Road,268 INR,4.4,Cafe in Kalimpong with great experience
584,Winter Hub 452,Clothing Store,Shopping,Dooars,Tea Garden,,4.4,Clothing Store in Dooars with great experience
585,Food Valley 88,Restaurant,Food,Darjeeling,Mall Road,474 INR,3.0,Restaurant in Darjeeling with great experience
586,Valley View Stay 497,Homestay,Stay,Darjeeling,Forest Area,7535 INR,3.9,Homestay in Darjeeling with great experience
587,Waterfall 877,Attraction,Experience,Lava,Forest Area,,4.3,Attraction in Lava with great experience
588,Mountain Nest 230,Homestay,Stay,Darjeeling,Hill View,6180 INR,4.5,Homestay in Darjeeling with great experience
589,Monastery 632,Attraction,Experience,Gangtok,MG Marg,,3.6,Attraction in Gangtok with great experience
590,Hotel Green View 22,Hotel,Stay,Gangtok,City Center,4424 INR,4.2,Hotel in Gangtok with great experience
591,Spice Route 974,Restaurant,Food,Dooars,City Center,401 INR,3.4,Restaurant in Dooars with great experience
592,Lake 501,Attraction,Experience,Lava,Forest Area,,3.4,Attraction in Lava with great experience
593,Luxury Hills Resort 924,Resort,Stay,Dooars,Forest Area,1441 INR,4.9,Resort in Dooars with great experience
594,Forest Resort 192,Resort,Stay,Mirik,Tea Garden,4049 INR,4.8,Resort in Mirik with great experience
595,Boating 481,Activity,Experience,Mirik,Tea Garden,,4.9,Activity in Mirik with great experience
596,Boating 527,Activity,Experience,Mirik,City Center,,4.4,Activity in Mirik with great experience
597,Boating 706,Activity,Experience,Mirik,Tea Garden,,4.1,Activity in Mirik with great experience
598,Waterfall 447,Attraction,Experience,Mirik,Tea Garden,,3.1,Attraction in Mirik with great experience
599,Mountain Brew 721,Cafe,Food,Gangtok,Hill View,204 INR,4.4,Cafe in Gangtok with great experience
600,Sunrise Coffee 305,Cafe,Food,Gangtok,MG Marg,143 INR,4.5,Cafe in Gangtok with great experience
601,Spice Route 918,Restaurant,Food,Darjeeling,Tea Garden,330 INR,3.5,Restaurant in Darjeeling with great experience
602,Hilltop Cafe 71,Cafe,Food,Darjeeling,City Center,264 INR,4.9,Cafe in Darjeeling with great experience
603,Mountain Nest 678,Homestay,Stay,Gangtok,City Center,1853 INR,4.1,Homestay in Gangtok with great experience
604,Sunrise Coffee 114,Cafe,Food,Kurseong,Tea Garden,885 INR,4.0,Cafe in Kurseong with great experience
605,Cloud9 Cafe 749,Cafe,Food,Darjeeling,Forest Area,485 INR,3.1,Cafe in Darjeeling with great experience
606,Forest Resort 368,Resort,Stay,Darjeeling,Mall Road,1118 INR,4.2,Resort in Darjeeling with great experience
607,Mountain Brew 587,Cafe,Food,Kurseong,Tea Garden,329 INR,3.0,Cafe in Kurseong with great experience
608,Food Valley 744,Restaurant,Food,Dooars,Forest Area,310 INR,4.7,Restaurant in Dooars with great experience
609,Hill Stay Inn 313,Hotel,Stay,Darjeeling,Tea Garden,3014 INR,3.9,Hotel in Darjeeling with great experience
610,Lake 863,Attraction,Experience,Darjeeling,Mall Road,,4.3,Attraction in Darjeeling with great experience
611,Mountain Nest 652,Homestay,Stay,Gangtok,MG Marg,2924 INR,3.2,Homestay in Gangtok with great experience
612,Mountain Style 43,Clothing Store,Shopping,Gangtok,MG Marg,,4.5,Clothing Store in Gangtok with great experience
613,Tea Garden Resort 910,Resort,Stay,Dooars,Tea Garden,1715 INR,4.8,Resort in Dooars with great experience
614,Waterfall 132,Attraction,Experience,Darjeeling,City Center,,3.7,Attraction in Darjeeling with great experience
615,Himalayan Wear 144,Clothing Store,Shopping,Darjeeling,Hill View,,4.7,Clothing Store in Darjeeling with great experience
616,Skyline Hotel 956,Hotel,Stay,Darjeeling,Hill View,7362 INR,3.7,Hotel in Darjeeling with great experience
617,Food Valley 55,Restaurant,Food,Gangtok,MG Marg,865 INR,4.3,Restaurant in Gangtok with great experience
618,Hotel Green View 39,Hotel,Stay,Kalimpong,Hill View,2999 INR,4.5,Hotel in Kalimpong with great experience
619,Mountain Style 173,Clothing Store,Shopping,Darjeeling,Mall Road,,3.7,Clothing Store in Darjeeling with great experience
620,Himalayan Wear 297,Clothing Store,Shopping,Mirik,Tea Garden,,4.2,Clothing Store in Mirik with great experience
621,Hilltop Cafe 594,Cafe,Food,Gangtok,MG Marg,128 INR,3.7,Cafe in Gangtok with great experience
622,Tea Garden Resort 569,Resort,Stay,Dooars,Tea Garden,5536 INR,4.9,Resort in Dooars with great experience
623,Cloud9 Cafe 527,Cafe,Food,Mirik,Hill View,181 INR,4.2,Cafe in Mirik with great experience
624,Himalayan Wear 654,Clothing Store,Shopping,Kalimpong,City Center,,4.6,Clothing Store in Kalimpong with great experience
625,Spice Route 477,Restaurant,Food,Darjeeling,City Center,377 INR,3.0,Restaurant in Darjeeling with great experience
626,Hill Stay Inn 404,Hotel,Stay,Gangtok,Mall Road,2317 INR,4.3,Hotel in Gangtok with great experience
627,Lake 125,Attraction,Experience,Dooars,Forest Area,,4.3,Attraction in Dooars with great experience
628,Cafe Aroma 707,Cafe,Food,Dooars,Forest Area,445 INR,4.0,Cafe in Dooars with great experience
629,Winter Hub 721,Clothing Store,Shopping,Darjeeling,Mall Road,,5.0,Clothing Store in Darjeeling with great experience
630,Himalayan Wear 77,Clothing Store,Shopping,Dooars,Forest Area,,3.0,Clothing Store in Dooars with great experience
631,Trekking 870,Activity,Experience,Dooars,Forest Area,,3.7,Activity in Dooars with great experience
632,Trekking 820,Activity,Experience,Darjeeling,Mall Road,,4.1,Activity in Darjeeling with great experience
633,Food Valley 422,Restaurant,Food,Kalimpong,City Center,103 INR,4.8,Restaurant in Kalimpong with great experience
634,View Point 588,Attraction,Experience,Gangtok,MG Marg,,4.0,Attraction in Gangtok with great experience
635,Pahari Homestay 942,Homestay,Stay,Dooars,City Center,1712 INR,3.5,Homestay in Dooars with great experience
636,Mountain Nest 432,Homestay,Stay,Dooars,Tea Garden,1239 INR,3.4,Homestay in Dooars with great experience
637,Food Valley 927,Restaurant,Food,Lava,Forest Area,772 INR,3.7,Restaurant in Lava with great experience
638,Forest Resort 958,Resort,Stay,Darjeeling,Hill View,5802 INR,5.0,Resort in Darjeeling with great experience
639,Mountain Brew 47,Cafe,Food,Darjeeling,Mall Road,392 INR,4.9,Cafe in Darjeeling with great experience
640,Mountain Style 455,Clothing Store,Shopping,Kurseong,Hill View,,3.3,Clothing Store in Kurseong with great experience
641,Himalayan Wear 866,Clothing Store,Shopping,Dooars,City Center,,4.2,Clothing Store in Dooars with great experience
642,View Point 732,Attraction,Experience,Darjeeling,Tea Garden,,3.9,Attraction in Darjeeling with great experience
643,Valley View Stay 25,Homestay,Stay,Kalimpong,City Center,3240 INR,4.9,Homestay in Kalimpong with great experience
644,Cloud9 Cafe 153,Cafe,Food,Gangtok,Mall Road,883 INR,3.4,Cafe in Gangtok with great experience
645,Food Valley 314,Restaurant,Food,Kurseong,Mall Road,908 INR,4.7,Restaurant in Kurseong with great experience
646,Boating 306,Activity,Experience,Mirik,Hill View,,3.2,Activity in Mirik with great experience
647,Peak Residency 698,Hotel,Stay,Gangtok,City Center,4575 INR,4.9,Hotel in Gangtok with great experience
648,Waterfall 897,Attraction,Experience,Kurseong,Mall Road,,3.5,Attraction in Kurseong with great experience
649,Himalayan Wear 834,Clothing Store,Shopping,Darjeeling,Mall Road,,3.6,Clothing Store in Darjeeling with great experience
650,Hilltop Cafe 969,Cafe,Food,Gangtok,MG Marg,375 INR,3.3,Cafe in Gangtok with great experience
651,Winter Hub 478,Clothing Store,Shopping,Dooars,City Center,,3.6,Clothing Store in Dooars with great experience
652,Mountain Nest 435,Homestay,Stay,Lava,Hill View,5124 INR,3.7,Homestay in Lava with great experience
653,Luxury Hills Resort 705,Resort,Stay,Gangtok,MG Marg,2036 INR,4.2,Resort in Gangtok with great experience
654,Monastery 51,Attraction,Experience,Gangtok,Mall Road,,3.6,Attraction in Gangtok with great experience
655,Trekking 781,Activity,Experience,Darjeeling,Mall Road,,3.3,Activity in Darjeeling with great experience
656,Cloud9 Cafe 381,Cafe,Food,Kalimpong,Forest Area,952 INR,4.1,Cafe in Kalimpong with great experience
657,Mountain Style 192,Clothing Store,Shopping,Darjeeling,Hill View,,3.5,Clothing Store in Darjeeling with great experience
658,Valley View Stay 647,Homestay,Stay,Kurseong,Tea Garden,1417 INR,3.8,Homestay in Kurseong with great experience
659,Hill Stay Inn 331,Hotel,Stay,Darjeeling,Tea Garden,5276 INR,4.2,Hotel in Darjeeling with great experience
660,Luxury Hills Resort 43,Resort,Stay,Darjeeling,Tea Garden,3400 INR,4.6,Resort in Darjeeling with great experience
661,Safari 226,Activity,Experience,Dooars,Tea Garden,,4.5,Activity in Dooars with great experience
662,Forest Resort 359,Resort,Stay,Dooars,Forest Area,7699 INR,4.6,Resort in Dooars with great experience
663,Spice Route 473,Restaurant,Food,Darjeeling,Mall Road,154 INR,3.9,Restaurant in Darjeeling with great experience
664,Tea Garden Resort 611,Resort,Stay,Kalimpong,Forest Area,2257 INR,4.7,Resort in Kalimpong with great experience
665,Waterfall 775,Attraction,Experience,Gangtok,MG Marg,,4.5,Attraction in Gangtok with great experience
666,Boating 607,Activity,Experience,Mirik,Hill View,,3.4,Activity in Mirik with great experience
667,Monastery 150,Attraction,Experience,Kurseong,Tea Garden,,3.4,Attraction in Kurseong with great experience
668,Toy Train Ride 486,Activity,Experience,Darjeeling,Hill View,,3.2,Activity in Darjeeling with great experience
669,Himalayan Dine 548,Restaurant,Food,Gangtok,MG Marg,359 INR,5.0,Restaurant in Gangtok with great experience
670,Cloud9 Cafe 49,Cafe,Food,Darjeeling,Mall Road,941 INR,4.9,Cafe in Darjeeling with great experience
671,Taste of Hills 44,Restaurant,Food,Kurseong,Hill View,611 INR,3.2,Restaurant in Kurseong with great experience
672,Lake 338,Attraction,Experience,Dooars,Forest Area,,3.3,Attraction in Dooars with great experience
673,View Point 125,Attraction,Experience,Kalimpong,City Center,,3.1,Attraction in Kalimpong with great experience
674,Food Valley 946,Restaurant,Food,Lava,Hill View,882 INR,3.5,Restaurant in Lava with great experience
675,Tea Garden Resort 807,Resort,Stay,Kurseong,City Center,2553 INR,4.3,Resort in Kurseong with great experience
676,Trekking 899,Activity,Experience,Mirik,City Center,,3.6,Activity in Mirik with great experience
677,Cloud9 Cafe 383,Cafe,Food,Mirik,City Center,721 INR,3.8,Cafe in Mirik with great experience
678,Skyline Hotel 382,Hotel,Stay,Gangtok,Mall Road,3128 INR,3.2,Hotel in Gangtok with great experience
679,Sunrise Coffee 770,Cafe,Food,Dooars,Forest Area,634 INR,3.7,Cafe in Dooars with great experience
680,Himalayan Wear 38,Clothing Store,Shopping,Kurseong,City Center,,4.1,Clothing Store in Kurseong with great experience
681,Monastery 129,Attraction,Experience,Darjeeling,Tea Garden,,4.2,Attraction in Darjeeling with great experience
682,Himalayan Wear 427,Clothing Store,Shopping,Darjeeling,Tea Garden,,4.6,Clothing Store in Darjeeling with great experience
683,Cloud9 Cafe 474,Cafe,Food,Darjeeling,Mall Road,205 INR,4.9,Cafe in Darjeeling with great experience
684,Spice Route 805,Restaurant,Food,Kalimpong,Mall Road,981 INR,3.4,Restaurant in Kalimpong with great experience
685,Mountain Nest 702,Homestay,Stay,Dooars,Forest Area,2143 INR,5.0,Homestay in Dooars with great experience
686,View Point 797,Attraction,Experience,Darjeeling,Tea Garden,,3.4,Attraction in Darjeeling with great experience
687,Hotel Green View 690,Hotel,Stay,Darjeeling,Mall Road,7116 INR,3.1,Hotel in Darjeeling with great experience
688,Hilltop Cafe 661,Cafe,Food,Darjeeling,Forest Area,603 INR,3.1,Cafe in Darjeeling with great experience
689,Boating 943,Activity,Experience,Mirik,Tea Garden,,3.8,Activity in Mirik with great experience
690,Trekking 80,Activity,Experience,Darjeeling,Tea Garden,,4.9,Activity in Darjeeling with great experience
691,Mountain Brew 10,Cafe,Food,Darjeeling,Tea Garden,144 INR,4.8,Cafe in Darjeeling with great experience
692,Hotel Green View 575,Hotel,Stay,Kurseong,City Center,6706 INR,3.4,Hotel in Kurseong with great experience
693,Mountain Nest 488,Homestay,Stay,Gangtok,MG Marg,7623 INR,4.1,Homestay in Gangtok with great experience
694,Hilltop Cafe 728,Cafe,Food,Darjeeling,Tea Garden,277 INR,4.7,Cafe in Darjeeling with great experience
695,Lake 526,Attraction,Experience,Darjeeling,Mall Road,,3.7,Attraction in Darjeeling with great experience
696,Hilltop Cafe 357,Cafe,Food,Darjeeling,Tea Garden,273 INR,3.4,Cafe in Darjeeling with great experience
697,Skyline Hotel 966,Hotel,Stay,Gangtok,MG Marg,6097 INR,4.1,Hotel in Gangtok with great experience
698,Food Valley 665,Restaurant,Food,Gangtok,Mall Road,950 INR,3.9,Restaurant in Gangtok with great experience
699,Tea Garden Resort 616,Resort,Stay,Darjeeling,Mall Road,5929 INR,3.1,Resort in Darjeeling with great experience
700,Himalayan Dine 24,Restaurant,Food,Kurseong,Tea Garden,593 INR,3.6,Restaurant in Kurseong with great experience
701,Winter Hub 92,Clothing Store,Shopping,Gangtok,MG Marg,,4.6,Clothing Store in Gangtok with great experience
702,Forest Resort 9,Resort,Stay,Kurseong,Forest Area,4734 INR,4.2,Resort in Kurseong with great experience
703,Skyline Hotel 395,Hotel,Stay,Darjeeling,City Center,6227 INR,3.7,Hotel in Darjeeling with great experience
704,Boating 224,Activity,Experience,Mirik,City Center,,4.1,Activity in Mirik with great experience
705,Tea Garden Resort 334,Resort,Stay,Lava,City Center,5961 INR,4.0,Resort in Lava with great experience
706,Luxury Hills Resort 82,Resort,Stay,Darjeeling,Tea Garden,5677 INR,3.3,Resort in Darjeeling with great experience
707,Pahari Homestay 765,Homestay,Stay,Kalimpong,City Center,3186 INR,4.2,Homestay in Kalimpong with great experience
708,Pahari Homestay 848,Homestay,Stay,Dooars,Tea Garden,4028 INR,3.1,Homestay in Dooars with great experience
709,Boating 127,Activity,Experience,Mirik,City Center,,3.8,Activity in Mirik with great experience
710,Hilltop Cafe 172,Cafe,Food,Lava,City Center,752 INR,3.6,Cafe in Lava with great experience
711,Peak Residency 958,Hotel,Stay,Lava,Hill View,970 INR,4.4,Hotel in Lava with great experience
712,Spice Route 674,Restaurant,Food,Kurseong,Forest Area,995 INR,3.8,Restaurant in Kurseong with great experience
713,Spice Route 775,Restaurant,Food,Darjeeling,Tea Garden,742 INR,3.2,Restaurant in Darjeeling with great experience
714,Toy Train Ride 431,Activity,Experience,Darjeeling,City Center,,4.7,Activity in Darjeeling with great experience
715,Mountain Nest 278,Homestay,Stay,Gangtok,City Center,3560 INR,4.4,Homestay in Gangtok with great experience
716,Lake 109,Attraction,Experience,Gangtok,MG Marg,,3.9,Attraction in Gangtok with great experience
717,Hill Stay Inn 280,Hotel,Stay,Lava,City Center,6562 INR,3.5,Hotel in Lava with great experience
718,Valley View Stay 551,Homestay,Stay,Darjeeling,Mall Road,922 INR,4.8,Homestay in Darjeeling with great experience
719,Winter Hub 743,Clothing Store,Shopping,Dooars,City Center,,3.2,Clothing Store in Dooars with great experience
720,View Point 815,Attraction,Experience,Gangtok,Hill View,,4.9,Attraction in Gangtok with great experience
721,Winter Hub 124,Clothing Store,Shopping,Gangtok,MG Marg,,4.7,Clothing Store in Gangtok with great experience
722,Mountain Nest 990,Homestay,Stay,Gangtok,MG Marg,6143 INR,3.0,Homestay in Gangtok with great experience
723,Mountain Nest 111,Homestay,Stay,Kurseong,Tea Garden,5527 INR,3.9,Homestay in Kurseong with great experience
724,Tea Garden Resort 664,Resort,Stay,Gangtok,City Center,4626 INR,4.0,Resort in Gangtok with great experience
725,Valley View Stay 712,Homestay,Stay,Gangtok,City Center,7198 INR,4.6,Homestay in Gangtok with great experience
726,Himalayan Dine 302,Restaurant,Food,Kalimpong,Mall Road,397 INR,3.1,Restaurant in Kalimpong with great experience
727,Peak Residency 981,Hotel,Stay,Gangtok,Mall Road,7362 INR,4.6,Hotel in Gangtok with great experience
728,Sunrise Coffee 146,Cafe,Food,Gangtok,City Center,974 INR,4.5,Cafe in Gangtok with great experience
729,Himalayan Dine 188,Restaurant,Food,Darjeeling,Tea Garden,338 INR,4.9,Restaurant in Darjeeling with great experience
730,View Point 551,Attraction,Experience,Gangtok,MG Marg,,3.7,Attraction in Gangtok with great experience
731,Hilltop Cafe 274,Cafe,Food,Gangtok,Hill View,106 INR,4.5,Cafe in Gangtok with great experience
732,View Point 296,Attraction,Experience,Darjeeling,Tea Garden,,3.4,Attraction in Darjeeling with great experience
733,Cafe Aroma 923,Cafe,Food,Darjeeling,Hill View,647 INR,3.2,Cafe in Darjeeling with great experience
734,Hill Stay Inn 14,Hotel,Stay,Darjeeling,Tea Garden,6847 INR,4.9,Hotel in Darjeeling with great experience
735,Tea Garden Resort 806,Resort,Stay,Gangtok,MG Marg,7527 INR,3.9,Resort in Gangtok with great experience
736,Cafe Aroma 438,Cafe,Food,Kurseong,Forest Area,200 INR,4.3,Cafe in Kurseong with great experience
737,Valley View Stay 592,Homestay,Stay,Darjeeling,Hill View,5764 INR,3.3,Homestay in Darjeeling with great experience
738,View Point 395,Attraction,Experience,Dooars,Forest Area,,4.5,Attraction in Dooars with great experience
739,Mountain Brew 614,Cafe,Food,Darjeeling,Mall Road,115 INR,3.5,Cafe in Darjeeling with great experience
740,Himalayan Wear 225,Clothing Store,Shopping,Gangtok,MG Marg,,3.7,Clothing Store in Gangtok with great experience
741,Mountain Brew 296,Cafe,Food,Mirik,City Center,282 INR,3.9,Cafe in Mirik with great experience
742,Safari 351,Activity,Experience,Dooars,City Center,,3.3,Activity in Dooars with great experience
743,Waterfall 482,Attraction,Experience,Darjeeling,Hill View,,3.1,Attraction in Darjeeling with great experience
744,Forest Resort 952,Resort,Stay,Kurseong,City Center,3007 INR,4.6,Resort in Kurseong with great experience
745,Pahari Homestay 503,Homestay,Stay,Darjeeling,Hill View,4252 INR,3.8,Homestay in Darjeeling with great experience
746,Pahari Homestay 656,Homestay,Stay,Darjeeling,Mall Road,4467 INR,3.1,Homestay in Darjeeling with great experience
747,Valley View Stay 283,Homestay,Stay,Gangtok,MG Marg,5612 INR,4.7,Homestay in Gangtok with great experience
748,View Point 691,Attraction,Experience,Darjeeling,Hill View,,3.6,Attraction in Darjeeling with great experience
749,Winter Hub 601,Clothing Store,Shopping,Darjeeling,Tea Garden,,3.3,Clothing Store in Darjeeling with great experience
750,Mountain Style 457,Clothing Store,Shopping,Darjeeling,Mall Road,,3.8,Clothing Store in Darjeeling with great experience
751,Toy Train Ride 370,Activity,Experience,Darjeeling,Tea Garden,,3.5,Activity in Darjeeling with great experience
752,Forest Resort 370,Resort,Stay,Kalimpong,Mall Road,1558 INR,3.8,Resort in Kalimpong with great experience
753,Forest Resort 717,Resort,Stay,Kurseong,Hill View,4397 INR,3.8,Resort in Kurseong with great experience
754,Sunrise Coffee 105,Cafe,Food,Kurseong,Hill View,738 INR,4.6,Cafe in Kurseong with great experience
755,Peak Residency 808,Hotel,Stay,Gangtok,MG Marg,7100 INR,3.6,Hotel in Gangtok with great experience
756,Tea Garden Resort 112,Resort,Stay,Mirik,Hill View,1810 INR,3.6,Resort in Mirik with great experience
757,Luxury Hills Resort 846,Resort,Stay,Dooars,City Center,3324 INR,3.9,Resort in Dooars with great experience
758,Luxury Hills Resort 12,Resort,Stay,Mirik,Tea Garden,4699 INR,4.4,Resort in Mirik with great experience
759,Peak Residency 665,Hotel,Stay,Dooars,City Center,4706 INR,3.8,Hotel in Dooars with great experience
760,Forest Resort 484,Resort,Stay,Darjeeling,Tea Garden,5453 INR,4.0,Resort in Darjeeling with great experience
761,Hotel Green View 451,Hotel,Stay,Darjeeling,Mall Road,4920 INR,4.4,Hotel in Darjeeling with great experience
762,Mountain Nest 194,Homestay,Stay,Kalimpong,Hill View,7708 INR,3.4,Homestay in Kalimpong with great experience
763,Lake 703,Attraction,Experience,Darjeeling,Mall Road,,3.2,Attraction in Darjeeling with great experience
764,Lake 375,Attraction,Experience,Kurseong,Mall Road,,4.2,Attraction in Kurseong with great experience
765,Waterfall 264,Attraction,Experience,Gangtok,MG Marg,,4.1,Attraction in Gangtok with great experience
766,Toy Train Ride 575,Activity,Experience,Darjeeling,City Center,,4.1,Activity in Darjeeling with great experience
767,Food Valley 380,Restaurant,Food,Darjeeling,Mall Road,637 INR,4.2,Restaurant in Darjeeling with great experience
768,Luxury Hills Resort 760,Resort,Stay,Mirik,Tea Garden,3360 INR,4.1,Resort in Mirik with great experience
769,Luxury Hills Resort 279,Resort,Stay,Gangtok,City Center,2881 INR,4.6,Resort in Gangtok with great experience
770,Peak Residency 732,Hotel,Stay,Kalimpong,City Center,3078 INR,4.5,Hotel in Kalimpong with great experience
771,Cloud9 Cafe 323,Cafe,Food,Darjeeling,Forest Area,212 INR,4.8,Cafe in Darjeeling with great experience
772,Boating 999,Activity,Experience,Mirik,Tea Garden,,3.5,Activity in Mirik with great experience
773,Hilltop Cafe 685,Cafe,Food,Gangtok,MG Marg,604 INR,3.6,Cafe in Gangtok with great experience
774,Valley View Stay 20,Homestay,Stay,Gangtok,MG Marg,6729 INR,4.1,Homestay in Gangtok with great experience
775,Mountain Style 931,Clothing Store,Shopping,Gangtok,MG Marg,,4.1,Clothing Store in Gangtok with great experience
776,Mountain Style 8,Clothing Store,Shopping,Dooars,City Center,,4.3,Clothing Store in Dooars with great experience
777,Sunrise Coffee 846,Cafe,Food,Darjeeling,Mall Road,982 INR,3.6,Cafe in Darjeeling with great experience
778,Spice Route 208,Restaurant,Food,Dooars,Forest Area,682 INR,4.6,Restaurant in Dooars with great experience
779,Lake 869,Attraction,Experience,Darjeeling,Mall Road,,4.7,Attraction in Darjeeling with great experience
780,Pahari Homestay 270,Homestay,Stay,Darjeeling,Hill View,1573 INR,3.5,Homestay in Darjeeling with great experience
781,Skyline Hotel 896,Hotel,Stay,Gangtok,MG Marg,1848 INR,3.1,Hotel in Gangtok with great experience
782,Lake 179,Attraction,Experience,Darjeeling,Mall Road,,3.8,Attraction in Darjeeling with great experience
783,Valley View Stay 212,Homestay,Stay,Gangtok,City Center,7818 INR,4.8,Homestay in Gangtok with great experience
784,Safari 556,Activity,Experience,Dooars,Mall Road,,4.2,Activity in Dooars with great experience
785,Monastery 31,Attraction,Experience,Dooars,Tea Garden,,3.4,Attraction in Dooars with great experience
786,Trekking 388,Activity,Experience,Darjeeling,Tea Garden,,3.7,Activity in Darjeeling with great experience
787,Food Valley 443,Restaurant,Food,Gangtok,MG Marg,764 INR,3.6,Restaurant in Gangtok with great experience
788,Luxury Hills Resort 359,Resort,Stay,Mirik,Hill View,3054 INR,3.7,Resort in Mirik with great experience
789,Mountain Style 489,Clothing Store,Shopping,Gangtok,MG Marg,,3.9,Clothing Store in Gangtok with great experience
790,Winter Hub 409,Clothing Store,Shopping,Darjeeling,Mall Road,,3.4,Clothing Store in Darjeeling with great experience
791,Toy Train Ride 876,Activity,Experience,Darjeeling,City Center,,4.9,Activity in Darjeeling with great experience
792,Himalayan Wear 196,Clothing Store,Shopping,Darjeeling,Mall Road,,4.1,Clothing Store in Darjeeling with great experience
793,Safari 627,Activity,Experience,Dooars,Mall Road,,4.1,Activity in Dooars with great experience
794,Cloud9 Cafe 256,Cafe,Food,Kurseong,Mall Road,297 INR,3.2,Cafe in Kurseong with great experience
795,Mountain Nest 849,Homestay,Stay,Gangtok,MG Marg,1382 INR,4.6,Homestay in Gangtok with great experience
796,Valley View Stay 256,Homestay,Stay,Lava,City Center,2998 INR,3.7,Homestay in Lava with great experience
797,Toy Train Ride 172,Activity,Experience,Darjeeling,City Center,,3.6,Activity in Darjeeling with great experience
798,Trekking 521,Activity,Experience,Lava,Hill View,,3.2,Activity in Lava with great experience
799,Hill Stay Inn 441,Hotel,Stay,Gangtok,MG Marg,5083 INR,4.9,Hotel in Gangtok with great experience
800,Safari 660,Activity,Experience,Dooars,Tea Garden,,4.2,Activity in Dooars with great experience
801,Himalayan Wear 751,Clothing Store,Shopping,Mirik,Hill View,,3.2,Clothing Store in Mirik with great experience
802,Food Valley 695,Restaurant,Food,Gangtok,Mall Road,892 INR,4.9,Restaurant in Gangtok with great experience
803,View Point 813,Attraction,Experience,Dooars,Forest Area,,4.0,Attraction in Dooars with great experience
804,Mountain Brew 135,Cafe,Food,Gangtok,City Center,752 INR,4.7,Cafe in Gangtok with great experience
805,View Point 85,Attraction,Experience,Gangtok,MG Marg,,3.3,Attraction in Gangtok with great experience
806,Valley View Stay 256,Homestay,Stay,Dooars,Forest Area,4439 INR,3.5,Homestay in Dooars with great experience
807,Winter Hub 365,Clothing Store,Shopping,Mirik,City Center,,4.2,Clothing Store in Mirik with great experience
808,Valley View Stay 992,Homestay,Stay,Kalimpong,Mall Road,1408 INR,5.0,Homestay in Kalimpong with great experience
809,Trekking 496,Activity,Experience,Darjeeling,Mall Road,,3.5,Activity in Darjeeling with great experience
810,Safari 51,Activity,Experience,Dooars,City Center,,4.5,Activity in Dooars with great experience
811,Tea Garden Resort 570,Resort,Stay,Gangtok,MG Marg,1683 INR,4.1,Resort in Gangtok with great experience
812,Cafe Aroma 175,Cafe,Food,Mirik,City Center,829 INR,4.4,Cafe in Mirik with great experience
813,Trekking 618,Activity,Experience,Darjeeling,Mall Road,,4.3,Activity in Darjeeling with great experience
814,Hill Stay Inn 277,Hotel,Stay,Darjeeling,Tea Garden,1346 INR,3.4,Hotel in Darjeeling with great experience
815,Toy Train Ride 325,Activity,Experience,Darjeeling,Forest Area,,4.2,Activity in Darjeeling with great experience
816,Sunrise Coffee 34,Cafe,Food,Darjeeling,Mall Road,563 INR,3.7,Cafe in Darjeeling with great experience
817,Mountain Brew 349,Cafe,Food,Darjeeling,Hill View,896 INR,3.5,Cafe in Darjeeling with great experience
818,Lake 745,Attraction,Experience,Mirik,Hill View,,3.8,Attraction in Mirik with great experience
819,Himalayan Dine 175,Restaurant,Food,Kurseong,Mall Road,540 INR,4.0,Restaurant in Kurseong with great experience
820,Cloud9 Cafe 880,Cafe,Food,Lava,City Center,901 INR,3.5,Cafe in Lava with great experience
821,Forest Resort 223,Resort,Stay,Gangtok,MG Marg,3229 INR,4.9,Resort in Gangtok with great experience
822,Forest Resort 208,Resort,Stay,Gangtok,MG Marg,5636 INR,3.5,Resort in Gangtok with great experience
823,Mountain Brew 216,Cafe,Food,Darjeeling,City Center,130 INR,3.4,Cafe in Darjeeling with great experience
824,Food Valley 230,Restaurant,Food,Gangtok,City Center,209 INR,4.0,Restaurant in Gangtok with great experience
825,Taste of Hills 988,Restaurant,Food,Darjeeling,Forest Area,837 INR,3.6,Restaurant in Darjeeling with great experience
826,Hill Stay Inn 259,Hotel,Stay,Kurseong,Mall Road,2613 INR,4.1,Hotel in Kurseong with great experience
827,Taste of Hills 838,Restaurant,Food,Darjeeling,Mall Road,837 INR,4.1,Restaurant in Darjeeling with great experience
828,Himalayan Wear 898,Clothing Store,Shopping,Dooars,Forest Area,,3.9,Clothing Store in Dooars with great experience
829,View Point 845,Attraction,Experience,Kalimpong,Mall Road,,4.3,Attraction in Kalimpong with great experience
830,Hilltop Cafe 583,Cafe,Food,Mirik,Tea Garden,906 INR,3.6,Cafe in Mirik with great experience
831,Mountain Brew 332,Cafe,Food,Gangtok,City Center,266 INR,4.3,Cafe in Gangtok with great experience
832,Lake 510,Attraction,Experience,Darjeeling,Hill View,,4.7,Attraction in Darjeeling with great experience
833,Boating 345,Activity,Experience,Mirik,Forest Area,,3.5,Activity in Mirik with great experience
834,Winter Hub 865,Clothing Store,Shopping,Lava,Hill View,,3.5,Clothing Store in Lava with great experience
835,Hilltop Cafe 717,Cafe,Food,Darjeeling,Forest Area,760 INR,4.8,Cafe in Darjeeling with great experience
836,Waterfall 273,Attraction,Experience,Gangtok,MG Marg,,4.5,Attraction in Gangtok with great experience
837,Winter Hub 34,Clothing Store,Shopping,Darjeeling,Hill View,,4.1,Clothing Store in Darjeeling with great experience
838,Forest Resort 220,Resort,Stay,Kurseong,City Center,4750 INR,3.4,Resort in Kurseong with great experience
839,Peak Residency 631,Hotel,Stay,Kalimpong,Hill View,1692 INR,4.2,Hotel in Kalimpong with great experience
840,Sunrise Coffee 633,Cafe,Food,Darjeeling,Tea Garden,500 INR,4.7,Cafe in Darjeeling with great experience
841,Mountain Style 981,Clothing Store,Shopping,Darjeeling,Tea Garden,,4.1,Clothing Store in Darjeeling with great experience
842,Mountain Nest 111,Homestay,Stay,Gangtok,City Center,1028 INR,4.9,Homestay in Gangtok with great experience
843,Waterfall 481,Attraction,Experience,Darjeeling,Tea Garden,,3.9,Attraction in Darjeeling with great experience
844,Spice Route 281,Restaurant,Food,Kalimpong,City Center,896 INR,4.3,Restaurant in Kalimpong with great experience
845,Mountain Brew 701,Cafe,Food,Gangtok,MG Marg,961 INR,4.3,Cafe in Gangtok with great experience
846,Sunrise Coffee 714,Cafe,Food,Darjeeling,Hill View,306 INR,4.2,Cafe in Darjeeling with great experience
847,Mountain Brew 494,Cafe,Food,Darjeeling,Hill View,649 INR,4.7,Cafe in Darjeeling with great experience
848,Himalayan Dine 378,Restaurant,Food,Kurseong,Forest Area,751 INR,4.7,Restaurant in Kurseong with great experience
849,Taste of Hills 122,Restaurant,Food,Gangtok,MG Marg,149 INR,3.3,Restaurant in Gangtok with great experience
850,Cafe Aroma 661,Cafe,Food,Kurseong,Forest Area,733 INR,3.9,Cafe in Kurseong with great experience
851,Winter Hub 647,Clothing Store,Shopping,Kalimpong,City Center,,3.0,Clothing Store in Kalimpong with great experience
852,Cloud9 Cafe 431,Cafe,Food,Kalimpong,Hill View,915 INR,3.1,Cafe in Kalimpong with great experience
853,Pahari Homestay 843,Homestay,Stay,Kurseong,Mall Road,4734 INR,4.8,Homestay in Kurseong with great experience
854,Waterfall 343,Attraction,Experience,Gangtok,MG Marg,,4.1,Attraction in Gangtok with great experience
855,Mountain Brew 141,Cafe,Food,Kurseong,Mall Road,143 INR,4.0,Cafe in Kurseong with great experience
856,Safari 36,Activity,Experience,Dooars,City Center,,3.9,Activity in Dooars with great experience
857,Monastery 343,Attraction,Experience,Darjeeling,Hill View,,3.3,Attraction in Darjeeling with great experience
858,Cafe Aroma 567,Cafe,Food,Darjeeling,Mall Road,226 INR,4.7,Cafe in Darjeeling with great experience
859,Safari 584,Activity,Experience,Dooars,City Center,,4.7,Activity in Dooars with great experience
860,Himalayan Wear 341,Clothing Store,Shopping,Lava,City Center,,4.2,Clothing Store in Lava with great experience
861,Winter Hub 777,Clothing Store,Shopping,Mirik,City Center,,3.8,Clothing Store in Mirik with great experience
862,Hotel Green View 373,Hotel,Stay,Kalimpong,Mall Road,2289 INR,4.2,Hotel in Kalimpong with great experience
863,Pahari Homestay 680,Homestay,Stay,Darjeeling,Tea Garden,7812 INR,4.5,Homestay in Darjeeling with great experience
864,Lake 909,Attraction,Experience,Dooars,City Center,,3.2,Attraction in Dooars with great experience
865,Lake 209,Attraction,Experience,Gangtok,MG Marg,,4.1,Attraction in Gangtok with great experience
866,Himalayan Wear 748,Clothing Store,Shopping,Gangtok,MG Marg,,4.2,Clothing Store in Gangtok with great experience
867,Hill Stay Inn 532,Hotel,Stay,Mirik,City Center,1898 INR,3.6,Hotel in Mirik with great experience
868,Lake 995,Attraction,Experience,Gangtok,Mall Road,,3.3,Attraction in Gangtok with great experience
869,Boating 324,Activity,Experience,Mirik,Tea Garden,,4.7,Activity in Mirik with great experience
870,Skyline Hotel 209,Hotel,Stay,Kurseong,City Center,4639 INR,3.3,Hotel in Kurseong with great experience
871,Mountain Style 703,Clothing Store,Shopping,Gangtok,MG Marg,,3.3,Clothing Store in Gangtok with great experience
872,Boating 881,Activity,Experience,Mirik,Hill View,,4.7,Activity in Mirik with great experience
873,Taste of Hills 473,Restaurant,Food,Darjeeling,Mall Road,449 INR,3.3,Restaurant in Darjeeling with great experience
874,Sunrise Coffee 30,Cafe,Food,Gangtok,Mall Road,322 INR,3.5,Cafe in Gangtok with great experience
875,Himalayan Wear 678,Clothing Store,Shopping,Gangtok,MG Marg,,4.5,Clothing Store in Gangtok with great experience
876,Toy Train Ride 961,Activity,Experience,Darjeeling,Hill View,,3.7,Activity in Darjeeling with great experience
877,Safari 967,Activity,Experience,Dooars,Forest Area,,3.8,Activity in Dooars with great experience
878,Hill Stay Inn 922,Hotel,Stay,Dooars,Tea Garden,4680 INR,4.8,Hotel in Dooars with great experience
879,Cafe Aroma 200,Cafe,Food,Darjeeling,Forest Area,647 INR,4.9,Cafe in Darjeeling with great experience
880,Sunrise Coffee 30,Cafe,Food,Kurseong,Mall Road,469 INR,3.2,Cafe in Kurseong with great experience
881,Sunrise Coffee 90,Cafe,Food,Kurseong,Mall Road,607 INR,3.2,Cafe in Kurseong with great experience
882,Valley View Stay 751,Homestay,Stay,Kalimpong,Hill View,4203 INR,4.9,Homestay in Kalimpong with great experience
883,Food Valley 972,Restaurant,Food,Darjeeling,Tea Garden,237 INR,4.9,Restaurant in Darjeeling with great experience
884,Monastery 734,Attraction,Experience,Kurseong,City Center,,4.0,Attraction in Kurseong with great experience
885,Mountain Nest 2,Homestay,Stay,Kurseong,Hill View,2908 INR,3.5,Homestay in Kurseong with great experience
886,Cloud9 Cafe 649,Cafe,Food,Dooars,Forest Area,612 INR,4.7,Cafe in Dooars with great experience
887,Skyline Hotel 759,Hotel,Stay,Darjeeling,Tea Garden,6328 INR,4.9,Hotel in Darjeeling with great experience
888,Mountain Brew 84,Cafe,Food,Mirik,Hill View,429 INR,3.6,Cafe in Mirik with great experience
889,Monastery 907,Attraction,Experience,Kalimpong,Hill View,,4.5,Attraction in Kalimpong with great experience
890,Food Valley 999,Restaurant,Food,Gangtok,MG Marg,669 INR,3.0,Restaurant in Gangtok with great experience
891,Hotel Green View 515,Hotel,Stay,Dooars,Forest Area,1337 INR,3.5,Hotel in Dooars with great experience
892,Boating 898,Activity,Experience,Mirik,Forest Area,,4.6,Activity in Mirik with great experience
893,Himalayan Wear 408,Clothing Store,Shopping,Darjeeling,Forest Area,,3.1,Clothing Store in Darjeeling with great experience
894,Tea Garden Resort 160,Resort,Stay,Kurseong,Forest Area,2421 INR,3.6,Resort in Kurseong with great experience
895,Tea Garden Resort 624,Resort,Stay,Gangtok,MG Marg,1818 INR,3.4,Resort in Gangtok with great experience
896,Himalayan Wear 783,Clothing Store,Shopping,Darjeeling,Hill View,,3.3,Clothing Store in Darjeeling with great experience
897,Himalayan Dine 891,Restaurant,Food,Dooars,Forest Area,925 INR,4.6,Restaurant in Dooars with great experience
898,Hotel Green View 729,Hotel,Stay,Kurseong,Mall Road,7502 INR,3.4,Hotel in Kurseong with great experience
899,Spice Route 504,Restaurant,Food,Gangtok,MG Marg,376 INR,4.1,Restaurant in Gangtok with great experience
900,Valley View Stay 917,Homestay,Stay,Gangtok,MG Marg,5671 INR,4.0,Homestay in Gangtok with great experience
901,Forest Resort 419,Resort,Stay,Kurseong,Hill View,4547 INR,4.3,Resort in Kurseong with great experience
902,Cafe Aroma 83,Cafe,Food,Darjeeling,City Center,897 INR,4.9,Cafe in Darjeeling with great experience
903,Trekking 429,Activity,Experience,Dooars,City Center,,3.8,Activity in Dooars with great experience
904,View Point 717,Attraction,Experience,Lava,Forest Area,,3.7,Attraction in Lava with great experience
905,Himalayan Dine 657,Restaurant,Food,Kurseong,Hill View,543 INR,3.3,Restaurant in Kurseong with great experience
906,Skyline Hotel 578,Hotel,Stay,Darjeeling,Hill View,2048 INR,3.3,Hotel in Darjeeling with great experience
907,Hill Stay Inn 283,Hotel,Stay,Lava,City Center,6755 INR,3.3,Hotel in Lava with great experience
908,Trekking 110,Activity,Experience,Mirik,Hill View,,4.8,Activity in Mirik with great experience
909,Himalayan Dine 416,Restaurant,Food,Darjeeling,Forest Area,105 INR,3.0,Restaurant in Darjeeling with great experience
910,Cafe Aroma 616,Cafe,Food,Darjeeling,Mall Road,783 INR,3.2,Cafe in Darjeeling with great experience
911,Hotel Green View 810,Hotel,Stay,Darjeeling,Tea Garden,6827 INR,4.7,Hotel in Darjeeling with great experience
912,Himalayan Wear 220,Clothing Store,Shopping,Gangtok,MG Marg,,4.6,Clothing Store in Gangtok with great experience
913,Taste of Hills 961,Restaurant,Food,Gangtok,MG Marg,977 INR,3.9,Restaurant in Gangtok with great experience
914,Valley View Stay 747,Homestay,Stay,Gangtok,MG Marg,6954 INR,4.7,Homestay in Gangtok with great experience
915,Taste of Hills 106,Restaurant,Food,Darjeeling,Hill View,847 INR,4.8,Restaurant in Darjeeling with great experience
916,Luxury Hills Resort 963,Resort,Stay,Gangtok,City Center,4003 INR,4.6,Resort in Gangtok with great experience
917,Monastery 92,Attraction,Experience,Mirik,City Center,,3.6,Attraction in Mirik with great experience
918,Peak Residency 193,Hotel,Stay,Darjeeling,Mall Road,7469 INR,3.4,Hotel in Darjeeling with great experience
919,Sunrise Coffee 429,Cafe,Food,Darjeeling,Mall Road,557 INR,4.7,Cafe in Darjeeling with great experience
920,Mountain Brew 910,Cafe,Food,Kurseong,Tea Garden,722 INR,4.1,Cafe in Kurseong with great experience
921,Spice Route 660,Restaurant,Food,Kurseong,City Center,279 INR,4.0,Restaurant in Kurseong with great experience
922,Himalayan Wear 584,Clothing Store,Shopping,Darjeeling,Mall Road,,3.7,Clothing Store in Darjeeling with great experience
923,Winter Hub 623,Clothing Store,Shopping,Darjeeling,City Center,,4.3,Clothing Store in Darjeeling with great experience
924,Trekking 794,Activity,Experience,Gangtok,MG Marg,,4.4,Activity in Gangtok with great experience
925,Forest Resort 267,Resort,Stay,Dooars,Forest Area,6254 INR,4.9,Resort in Dooars with great experience
926,View Point 472,Attraction,Experience,Dooars,Forest Area,,3.4,Attraction in Dooars with great experience
927,Pahari Homestay 381,Homestay,Stay,Gangtok,MG Marg,6048 INR,4.4,Homestay in Gangtok with great experience
928,Peak Residency 745,Hotel,Stay,Darjeeling,Tea Garden,4865 INR,4.5,Hotel in Darjeeling with great experience
929,Toy Train Ride 772,Activity,Experience,Darjeeling,Mall Road,,3.5,Activity in Darjeeling with great experience
930,Peak Residency 86,Hotel,Stay,Lava,City Center,7298 INR,4.6,Hotel in Lava with great experience
931,Waterfall 888,Attraction,Experience,Kalimpong,Mall Road,,4.2,Attraction in Kalimpong with great experience
932,Forest Resort 503,Resort,Stay,Lava,Hill View,6286 INR,3.4,Resort in Lava with great experience
933,Taste of Hills 247,Restaurant,Food,Kurseong,Mall Road,491 INR,5.0,Restaurant in Kurseong with great experience
934,Mountain Style 988,Clothing Store,Shopping,Gangtok,MG Marg,,3.3,Clothing Store in Gangtok with great experience
935,Food Valley 898,Restaurant,Food,Dooars,Forest Area,366 INR,3.1,Restaurant in Dooars with great experience
936,Waterfall 279,Attraction,Experience,Gangtok,MG Marg,,4.0,Attraction in Gangtok with great experience
937,Mountain Nest 518,Homestay,Stay,Gangtok,MG Marg,6664 INR,3.7,Homestay in Gangtok with great experience
938,View Point 512,Attraction,Experience,Kurseong,Mall Road,,5.0,Attraction in Kurseong with great experience
939,Cloud9 Cafe 448,Cafe,Food,Gangtok,Mall Road,606 INR,3.2,Cafe in Gangtok with great experience
940,Winter Hub 388,Clothing Store,Shopping,Kalimpong,Hill View,,3.8,Clothing Store in Kalimpong with great experience
941,Mountain Style 892,Clothing Store,Shopping,Gangtok,MG Marg,,3.5,Clothing Store in Gangtok with great experience
942,Sunrise Coffee 48,Cafe,Food,Kurseong,Forest Area,917 INR,3.8,Cafe in Kurseong with great experience
943,Taste of Hills 297,Restaurant,Food,Dooars,Forest Area,283 INR,4.6,Restaurant in Dooars with great experience
944,Taste of Hills 895,Restaurant,Food,Lava,Hill View,478 INR,3.4,Restaurant in Lava with great experience
945,Taste of Hills 335,Restaurant,Food,Dooars,Forest Area,990 INR,4.2,Restaurant in Dooars with great experience
946,Food Valley 918,Restaurant,Food,Kalimpong,Hill View,895 INR,3.4,Restaurant in Kalimpong with great experience
947,Tea Garden Resort 575,Resort,Stay,Darjeeling,Mall Road,6605 INR,4.9,Resort in Darjeeling with great experience
948,Tea Garden Resort 215,Resort,Stay,Gangtok,MG Marg,6484 INR,4.9,Resort in Gangtok with great experience
949,Spice Route 961,Restaurant,Food,Darjeeling,Hill View,645 INR,3.4,Restaurant in Darjeeling with great experience
950,Hill Stay Inn 729,Hotel,Stay,Gangtok,MG Marg,918 INR,3.2,Hotel in Gangtok with great experience
951,Peak Residency 146,Hotel,Stay,Kurseong,Hill View,4164 INR,3.2,Hotel in Kurseong with great experience
952,Pahari Homestay 289,Homestay,Stay,Dooars,Forest Area,2287 INR,4.4,Homestay in Dooars with great experience
953,Mountain Style 312,Clothing Store,Shopping,Darjeeling,Mall Road,,3.3,Clothing Store in Darjeeling with great experience
954,Skyline Hotel 908,Hotel,Stay,Gangtok,MG Marg,5142 INR,3.1,Hotel in Gangtok with great experience
955,Valley View Stay 976,Homestay,Stay,Darjeeling,Tea Garden,818 INR,4.6,Homestay in Darjeeling with great experience
956,Cafe Aroma 822,Cafe,Food,Darjeeling,Tea Garden,991 INR,3.1,Cafe in Darjeeling with great experience
957,Trekking 130,Activity,Experience,Kalimpong,City Center,,4.6,Activity in Kalimpong with great experience
958,View Point 771,Attraction,Experience,Kalimpong,Mall Road,,3.9,Attraction in Kalimpong with great experience
959,Himalayan Wear 566,Clothing Store,Shopping,Kurseong,City Center,,4.0,Clothing Store in Kurseong with great experience
960,View Point 500,Attraction,Experience,Darjeeling,Tea Garden,,3.8,Attraction in Darjeeling with great experience
961,Peak Residency 416,Hotel,Stay,Gangtok,MG Marg,1228 INR,4.1,Hotel in Gangtok with great experience
962,Valley View Stay 190,Homestay,Stay,Kurseong,Hill View,4113 INR,4.8,Homestay in Kurseong with great experience
963,Safari 993,Activity,Experience,Dooars,Tea Garden,,4.0,Activity in Dooars with great experience
964,Toy Train Ride 767,Activity,Experience,Darjeeling,Hill View,,4.2,Activity in Darjeeling with great experience
965,Pahari Homestay 61,Homestay,Stay,Gangtok,MG Marg,7123 INR,3.7,Homestay in Gangtok with great experience
966,Tea Garden Resort 847,Resort,Stay,Gangtok,MG Marg,3971 INR,3.6,Resort in Gangtok with great experience
967,Cafe Aroma 475,Cafe,Food,Kalimpong,Forest Area,810 INR,5.0,Cafe in Kalimpong with great experience
968,Trekking 419,Activity,Experience,Darjeeling,Tea Garden,,5.0,Activity in Darjeeling with great experience
969,Himalayan Dine 654,Restaurant,Food,Gangtok,City Center,884 INR,4.8,Restaurant in Gangtok with great experience
970,Boating 800,Activity,Experience,Mirik,Hill View,,3.3,Activity in Mirik with great experience
971,Toy Train Ride 988,Activity,Experience,Darjeeling,Tea Garden,,3.7,Activity in Darjeeling with great experience
972,Lake 978,Attraction,Experience,Gangtok,MG Marg,,5.0,Attraction in Gangtok with great experience
973,Hill Stay Inn 416,Hotel,Stay,Gangtok,MG Marg,6012 INR,3.9,Hotel in Gangtok with great experience
974,Food Valley 58,Restaurant,Food,Dooars,Forest Area,993 INR,4.0,Restaurant in Dooars with great experience
975,Food Valley 737,Restaurant,Food,Darjeeling,Tea Garden,981 INR,4.6,Restaurant in Darjeeling with great experience
976,Luxury Hills Resort 104,Resort,Stay,Darjeeling,Hill View,1972 INR,3.4,Resort in Darjeeling with great experience
977,Safari 803,Activity,Experience,Dooars,Forest Area,,3.9,Activity in Dooars with great experience
978,Hilltop Cafe 779,Cafe,Food,Kalimpong,Hill View,803 INR,3.5,Cafe in Kalimpong with great experience
979,Tea Garden Resort 783,Resort,Stay,Gangtok,MG Marg,7573 INR,4.8,Resort in Gangtok with great experience
980,Boating 958,Activity,Experience,Mirik,Forest Area,,4.8,Activity in Mirik with great experience
981,Hotel Green View 439,Hotel,Stay,Dooars,City Center,1239 INR,4.4,Hotel in Dooars with great experience
982,Skyline Hotel 478,Hotel,Stay,Kurseong,Forest Area,7940 INR,4.4,Hotel in Kurseong with great experience
983,Luxury Hills Resort 665,Resort,Stay,Kalimpong,Mall Road,4334 INR,3.5,Resort in Kalimpong with great experience
984,Luxury Hills Resort 611,Resort,Stay,Mirik,City Center,3181 INR,4.6,Resort in Mirik with great experience
985,Spice Route 752,Restaurant,Food,Kalimpong,Forest Area,572 INR,4.3,Restaurant in Kalimpong with great experience
986,Hotel Green View 894,Hotel,Stay,Mirik,Tea Garden,5964 INR,4.4,Hotel in Mirik with great experience
987,Peak Residency 291,Hotel,Stay,Darjeeling,Tea Garden,3004 INR,4.7,Hotel in Darjeeling with great experience
988,Sunrise Coffee 272,Cafe,Food,Darjeeling,Mall Road,197 INR,4.0,Cafe in Darjeeling with great experience
989,Waterfall 814,Attraction,Experience,Darjeeling,Tea Garden,,4.6,Attraction in Darjeeling with great experience
990,Monastery 346,Attraction,Experience,Lava,Hill View,,4.4,Attraction in Lava with great experience
991,Pahari Homestay 672,Homestay,Stay,Lava,Hill View,2742 INR,4.4,Homestay in Lava with great experience
992,Mountain Style 747,Clothing Store,Shopping,Lava,Forest Area,,3.9,Clothing Store in Lava with great experience
993,Winter Hub 804,Clothing Store,Shopping,Gangtok,MG Marg,,4.8,Clothing Store in Gangtok with great experience
994,Trekking 110,Activity,Experience,Darjeeling,Mall Road,,4.7,Activity in Darjeeling with great experience
995,Winter Hub 978,Clothing Store,Shopping,Lava,City Center,,5.0,Clothing Store in Lava with great experience
996,Tea Garden Resort 455,Resort,Stay,Kalimpong,Mall Road,5537 INR,3.1,Resort in Kalimpong with great experience
997,Waterfall 461,Attraction,Experience,Gangtok,MG Marg,,3.2,Attraction in Gangtok with great experience
998,Pahari Homestay 45,Homestay,Stay,Kurseong,City Center,5809 INR,3.8,Homestay in Kurseong with great experience
999,Valley View Stay 949,Homestay,Stay,Dooars,Forest Area,1169 INR,5.0,Homestay in Dooars with great experience
1000,Luxury Hills Resort 779,Resort,Stay,Darjeeling,Tea Garden,3175 INR,4.4,Resort in Darjeeling with great experience
1001,Mountain Brew 487,Cafe,Food,Dooars,Tea Garden,538 INR,3.9,Cafe in Dooars with great experience
1002,Himalayan Wear 615,Clothing Store,Shopping,Gangtok,MG Marg,,4.8,Clothing Store in Gangtok with great experience
1003,Forest Resort 569,Resort,Stay,Darjeeling,Forest Area,5279 INR,4.1,Resort in Darjeeling with great experience
1004,Monastery 219,Attraction,Experience,Darjeeling,Tea Garden,,3.5,Attraction in Darjeeling with great experience
1005,Valley View Stay 461,Homestay,Stay,Gangtok,Mall Road,1899 INR,4.8,Homestay in Gangtok with great experience
1006,Taste of Hills 597,Restaurant,Food,Gangtok,MG Marg,434 INR,4.0,Restaurant in Gangtok with great experience
1007,Luxury Hills Resort 764,Resort,Stay,Kurseong,Tea Garden,7594 INR,3.8,Resort in Kurseong with great experience
1008,Himalayan Dine 567,Restaurant,Food,Gangtok,MG Marg,738 INR,4.5,Restaurant in Gangtok with great experience
1009,Himalayan Dine 936,Restaurant,Food,Dooars,Forest Area,677 INR,3.1,Restaurant in Dooars with great experience
1010,Himalayan Dine 889,Restaurant,Food,Gangtok,MG Marg,584 INR,3.2,Restaurant in Gangtok with great experience
1011,Peak Residency 655,Hotel,Stay,Gangtok,MG Marg,1201 INR,4.9,Hotel in Gangtok with great experience
1012,Waterfall 622,Attraction,Experience,Darjeeling,Hill View,,3.3,Attraction in Darjeeling with great experience
1013,Himalayan Wear 376,Clothing Store,Shopping,Lava,Hill View,,5.0,Clothing Store in Lava with great experience
1014,Valley View Stay 908,Homestay,Stay,Dooars,Forest Area,5019 INR,3.4,Homestay in Dooars with great experience
1015,Cafe Aroma 44,Cafe,Food,Gangtok,MG Marg,513 INR,4.5,Cafe in Gangtok with great experience
1016,Mountain Brew 220,Cafe,Food,Kalimpong,Hill View,228 INR,4.1,Cafe in Kalimpong with great experience
1017,Pahari Homestay 412,Homestay,Stay,Kurseong,City Center,5935 INR,3.1,Homestay in Kurseong with great experience
1018,Monastery 659,Attraction,Experience,Darjeeling,Forest Area,,3.5,Attraction in Darjeeling with great experience
1019,Hotel Green View 832,Hotel,Stay,Mirik,Tea Garden,1735 INR,4.5,Hotel in Mirik with great experience
1020,Waterfall 210,Attraction,Experience,Kalimpong,Hill View,,3.3,Attraction in Kalimpong with great experience
1021,Sunrise Coffee 850,Cafe,Food,Dooars,City Center,741 INR,3.6,Cafe in Dooars with great experience
1022,Mountain Style 879,Clothing Store,Shopping,Lava,Hill View,,3.2,Clothing Store in Lava with great experience
1023,Pahari Homestay 849,Homestay,Stay,Dooars,Forest Area,5918 INR,4.3,Homestay in Dooars with great experience
1024,Toy Train Ride 792,Activity,Experience,Darjeeling,Tea Garden,,4.5,Activity in Darjeeling with great experience
1025,Pahari Homestay 207,Homestay,Stay,Gangtok,MG Marg,4186 INR,3.9,Homestay in Gangtok with great experience
1026,Waterfall 307,Attraction,Experience,Kalimpong,City Center,,5.0,Attraction in Kalimpong with great experience
1027,Mountain Style 404,Clothing Store,Shopping,Darjeeling,Mall Road,,4.9,Clothing Store in Darjeeling with great experience
1028,Safari 150,Activity,Experience,Dooars,City Center,,4.8,Activity in Dooars with great experience
1029,Hotel Green View 180,Hotel,Stay,Lava,Forest Area,5589 INR,3.4,Hotel in Lava with great experience
1030,Cafe Aroma 199,Cafe,Food,Gangtok,City Center,310 INR,3.5,Cafe in Gangtok with great experience
1031,Cloud9 Cafe 623,Cafe,Food,Mirik,Hill View,428 INR,4.6,Cafe in Mirik with great experience
1032,Trekking 187,Activity,Experience,Darjeeling,Mall Road,,4.6,Activity in Darjeeling with great experience
1033,Trekking 692,Activity,Experience,Kurseong,Forest Area,,4.8,Activity in Kurseong with great experience
1034,Cloud9 Cafe 682,Cafe,Food,Darjeeling,Mall Road,114 INR,4.6,Cafe in Darjeeling with great experience
1035,Hilltop Cafe 409,Cafe,Food,Kurseong,Mall Road,302 INR,3.4,Cafe in Kurseong with great experience
1036,Mountain Nest 320,Homestay,Stay,Darjeeling,Tea Garden,7742 INR,4.9,Homestay in Darjeeling with great experience
1037,Valley View Stay 998,Homestay,Stay,Darjeeling,Mall Road,893 INR,4.6,Homestay in Darjeeling with great experience
1038,Tea Garden Resort 102,Resort,Stay,Lava,City Center,2986 INR,5.0,Resort in Lava with great experience
1039,Himalayan Wear 325,Clothing Store,Shopping,Kurseong,Tea Garden,,4.5,Clothing Store in Kurseong with great experience
1040,Food Valley 378,Restaurant,Food,Dooars,Tea Garden,162 INR,5.0,Restaurant in Dooars with great experience
1041,Pahari Homestay 55,Homestay,Stay,Kurseong,Mall Road,7646 INR,4.5,Homestay in Kurseong with great experience
1042,Peak Residency 466,Hotel,Stay,Darjeeling,Hill View,2077 INR,3.5,Hotel in Darjeeling with great experience
1043,Mountain Nest 750,Homestay,Stay,Mirik,City Center,3274 INR,4.3,Homestay in Mirik with great experience
1044,Pahari Homestay 713,Homestay,Stay,Darjeeling,Tea Garden,4412 INR,3.2,Homestay in Darjeeling with great experience
1045,Trekking 258,Activity,Experience,Gangtok,MG Marg,,4.9,Activity in Gangtok with great experience
1046,Mountain Brew 439,Cafe,Food,Lava,Hill View,763 INR,3.7,Cafe in Lava with great experience
1047,Himalayan Wear 209,Clothing Store,Shopping,Mirik,City Center,,3.7,Clothing Store in Mirik with great experience
1048,Hill Stay Inn 681,Hotel,Stay,Darjeeling,City Center,1830 INR,4.3,Hotel in Darjeeling with great experience
1049,Mountain Style 744,Clothing Store,Shopping,Kalimpong,Forest Area,,3.2,Clothing Store in Kalimpong with great experience
1050,Pahari Homestay 256,Homestay,Stay,Gangtok,MG Marg,3140 INR,3.5,Homestay in Gangtok with great experience
1051,Mountain Brew 117,Cafe,Food,Lava,Hill View,772 INR,3.8,Cafe in Lava with great experience
1052,Himalayan Wear 477,Clothing Store,Shopping,Gangtok,Mall Road,,4.0,Clothing Store in Gangtok with great experience
1053,Food Valley 940,Restaurant,Food,Gangtok,MG Marg,636 INR,4.3,Restaurant in Gangtok with great experience
1054,Luxury Hills Resort 719,Resort,Stay,Kalimpong,Mall Road,2756 INR,4.8,Resort in Kalimpong with great experience
1055,Spice Route 531,Restaurant,Food,Kalimpong,City Center,964 INR,3.8,Restaurant in Kalimpong with great experience
1056,Food Valley 777,Restaurant,Food,Kalimpong,Hill View,175 INR,3.5,Restaurant in Kalimpong with great experience
1057,Mountain Brew 432,Cafe,Food,Darjeeling,Hill View,719 INR,3.1,Cafe in Darjeeling with great experience
1058,Toy Train Ride 164,Activity,Experience,Darjeeling,City Center,,4.8,Activity in Darjeeling with great experience
1059,Taste of Hills 166,Restaurant,Food,Kurseong,Mall Road,859 INR,4.6,Restaurant in Kurseong with great experience
1060,Food Valley 612,Restaurant,Food,Kurseong,Mall Road,545 INR,4.5,Restaurant in Kurseong with great experience
1061,Waterfall 583,Attraction,Experience,Gangtok,MG Marg,,3.0,Attraction in Gangtok with great experience
1062,Himalayan Dine 873,Restaurant,Food,Darjeeling,Tea Garden,299 INR,4.7,Restaurant in Darjeeling with great experience
1063,Safari 9,Activity,Experience,Dooars,Forest Area,,3.6,Activity in Dooars with great experience
1064,Boating 776,Activity,Experience,Mirik,Tea Garden,,3.3,Activity in Mirik with great experience
1065,Himalayan Dine 192,Restaurant,Food,Gangtok,MG Marg,803 INR,3.6,Restaurant in Gangtok with great experience
1066,Monastery 50,Attraction,Experience,Darjeeling,Mall Road,,4.2,Attraction in Darjeeling with great experience
1067,Mountain Nest 532,Homestay,Stay,Lava,City Center,7854 INR,4.1,Homestay in Lava with great experience
1068,Himalayan Dine 884,Restaurant,Food,Gangtok,MG Marg,434 INR,4.7,Restaurant in Gangtok with great experience
1069,Winter Hub 330,Clothing Store,Shopping,Mirik,Tea Garden,,4.0,Clothing Store in Mirik with great experience
1070,Tea Garden Resort 480,Resort,Stay,Darjeeling,Mall Road,1707 INR,3.4,Resort in Darjeeling with great experience
1071,Spice Route 392,Restaurant,Food,Gangtok,MG Marg,787 INR,4.3,Restaurant in Gangtok with great experience
1072,Spice Route 410,Restaurant,Food,Darjeeling,Tea Garden,608 INR,4.0,Restaurant in Darjeeling with great experience
1073,Himalayan Wear 298,Clothing Store,Shopping,Lava,Hill View,,4.0,Clothing Store in Lava with great experience
1074,Skyline Hotel 260,Hotel,Stay,Darjeeling,Mall Road,1046 INR,3.9,Hotel in Darjeeling with great experience
1075,Food Valley 286,Restaurant,Food,Kurseong,Mall Road,642 INR,3.8,Restaurant in Kurseong with great experience
1076,Waterfall 947,Attraction,Experience,Mirik,Hill View,,3.8,Attraction in Mirik with great experience
1077,Mountain Brew 115,Cafe,Food,Kurseong,Tea Garden,489 INR,4.6,Cafe in Kurseong with great experience
1078,Winter Hub 173,Clothing Store,Shopping,Darjeeling,Hill View,,4.2,Clothing Store in Darjeeling with great experience
1079,Winter Hub 402,Clothing Store,Shopping,Kurseong,Mall Road,,3.8,Clothing Store in Kurseong with great experience
1080,Skyline Hotel 909,Hotel,Stay,Kalimpong,Hill View,4694 INR,3.1,Hotel in Kalimpong with great experience
1081,Mountain Nest 896,Homestay,Stay,Gangtok,Mall Road,7858 INR,4.0,Homestay in Gangtok with great experience
1082,Safari 684,Activity,Experience,Dooars,Mall Road,,3.1,Activity in Dooars with great experience
1083,Tea Garden Resort 889,Resort,Stay,Darjeeling,Tea Garden,4202 INR,3.4,Resort in Darjeeling with great experience
1084,Himalayan Dine 395,Restaurant,Food,Darjeeling,Hill View,618 INR,4.6,Restaurant in Darjeeling with great experience
1085,Tea Garden Resort 903,Resort,Stay,Gangtok,MG Marg,3737 INR,3.1,Resort in Gangtok with great experience
1086,Mountain Style 82,Clothing Store,Shopping,Darjeeling,Tea Garden,,4.5,Clothing Store in Darjeeling with great experience
1087,Hilltop Cafe 41,Cafe,Food,Lava,Hill View,992 INR,3.9,Cafe in Lava with great experience
1088,Winter Hub 511,Clothing Store,Shopping,Kurseong,Hill View,,3.0,Clothing Store in Kurseong with great experience
1089,Tea Garden Resort 35,Resort,Stay,Darjeeling,Mall Road,5234 INR,3.9,Resort in Darjeeling with great experience
1090,View Point 22,Attraction,Experience,Darjeeling,Mall Road,,4.0,Attraction in Darjeeling with great experience
1091,Winter Hub 448,Clothing Store,Shopping,Darjeeling,City Center,,5.0,Clothing Store in Darjeeling with great experience
1092,Luxury Hills Resort 964,Resort,Stay,Kalimpong,Mall Road,4153 INR,4.6,Resort in Kalimpong with great experience
1093,Cloud9 Cafe 512,Cafe,Food,Darjeeling,City Center,393 INR,3.6,Cafe in Darjeeling with great experience
1094,Lake 478,Attraction,Experience,Dooars,Forest Area,,3.2,Attraction in Dooars with great experience
1095,Valley View Stay 783,Homestay,Stay,Gangtok,MG Marg,2446 INR,4.4,Homestay in Gangtok with great experience
1096,Cloud9 Cafe 16,Cafe,Food,Gangtok,MG Marg,601 INR,3.8,Cafe in Gangtok with great experience
1097,Safari 417,Activity,Experience,Dooars,City Center,,4.1,Activity in Dooars with great experience
1098,Hill Stay Inn 399,Hotel,Stay,Lava,Forest Area,1737 INR,4.8,Hotel in Lava with great experience
1099,Forest Resort 691,Resort,Stay,Gangtok,MG Marg,6710 INR,3.5,Resort in Gangtok with great experience
1100,Peak Residency 633,Hotel,Stay,Kurseong,Tea Garden,3659 INR,3.4,Hotel in Kurseong with great experience
1101,Peak Residency 928,Hotel,Stay,Kalimpong,Mall Road,5887 INR,3.6,Hotel in Kalimpong with great experience
1102,Luxury Hills Resort 890,Resort,Stay,Lava,Forest Area,800 INR,4.0,Resort in Lava with great experience
1103,Cafe Aroma 396,Cafe,Food,Darjeeling,Hill View,685 INR,3.4,Cafe in Darjeeling with great experience
1104,Himalayan Wear 735,Clothing Store,Shopping,Dooars,Forest Area,,3.8,Clothing Store in Dooars with great experience
1105,Sunrise Coffee 497,Cafe,Food,Kalimpong,City Center,811 INR,3.7,Cafe in Kalimpong with great experience
1106,Winter Hub 165,Clothing Store,Shopping,Mirik,Tea Garden,,4.2,Clothing Store in Mirik with great experience
1107,Cloud9 Cafe 325,Cafe,Food,Gangtok,MG Marg,645 INR,4.1,Cafe in Gangtok with great experience
1108,Lake 328,Attraction,Experience,Gangtok,Hill View,,4.1,Attraction in Gangtok with great experience
1109,Valley View Stay 872,Homestay,Stay,Gangtok,Hill View,7835 INR,3.3,Homestay in Gangtok with great experience
1110,Hotel Green View 700,Hotel,Stay,Lava,Forest Area,6931 INR,3.9,Hotel in Lava with great experience
1111,Luxury Hills Resort 352,Resort,Stay,Gangtok,MG Marg,4315 INR,4.7,Resort in Gangtok with great experience
1112,Sunrise Coffee 743,Cafe,Food,Dooars,Tea Garden,385 INR,3.4,Cafe in Dooars with great experience
1113,Winter Hub 761,Clothing Store,Shopping,Gangtok,Mall Road,,4.4,Clothing Store in Gangtok with great experience
1114,Skyline Hotel 941,Hotel,Stay,Darjeeling,Tea Garden,7763 INR,4.8,Hotel in Darjeeling with great experience
1115,Taste of Hills 811,Restaurant,Food,Gangtok,MG Marg,461 INR,5.0,Restaurant in Gangtok with great experience
1116,Valley View Stay 827,Homestay,Stay,Mirik,Hill View,1886 INR,4.4,Homestay in Mirik with great experience
1117,Safari 630,Activity,Experience,Dooars,City Center,,4.2,Activity in Dooars with great experience
1118,Peak Residency 872,Hotel,Stay,Mirik,Tea Garden,4687 INR,3.7,Hotel in Mirik with great experience
1119,Hilltop Cafe 926,Cafe,Food,Kalimpong,City Center,579 INR,4.1,Cafe in Kalimpong with great experience
1120,Hill Stay Inn 686,Hotel,Stay,Gangtok,Mall Road,5527 INR,4.3,Hotel in Gangtok with great experience
1121,Cafe Aroma 647,Cafe,Food,Darjeeling,Mall Road,199 INR,4.5,Cafe in Darjeeling with great experience
1122,Luxury Hills Resort 635,Resort,Stay,Kurseong,Mall Road,4165 INR,4.8,Resort in Kurseong with great experience
1123,Sunrise Coffee 867,Cafe,Food,Mirik,Tea Garden,335 INR,3.4,Cafe in Mirik with great experience
1124,Tea Garden Resort 726,Resort,Stay,Kurseong,Hill View,7342 INR,4.6,Resort in Kurseong with great experience
1125,Valley View Stay 42,Homestay,Stay,Dooars,Forest Area,3429 INR,3.6,Homestay in Dooars with great experience
1126,Winter Hub 229,Clothing Store,Shopping,Dooars,Forest Area,,4.4,Clothing Store in Dooars with great experience
1127,Mountain Nest 608,Homestay,Stay,Lava,Forest Area,3183 INR,3.6,Homestay in Lava with great experience
1128,Valley View Stay 382,Homestay,Stay,Lava,Forest Area,6166 INR,3.9,Homestay in Lava with great experience
1129,Boating 744,Activity,Experience,Mirik,Forest Area,,4.8,Activity in Mirik with great experience
1130,Himalayan Wear 952,Clothing Store,Shopping,Lava,Forest Area,,3.1,Clothing Store in Lava with great experience
1131,Mountain Style 650,Clothing Store,Shopping,Lava,Forest Area,,4.5,Clothing Store in Lava with great experience
1132,Winter Hub 191,Clothing Store,Shopping,Gangtok,MG Marg,,4.0,Clothing Store in Gangtok with great experience
1133,Hill Stay Inn 766,Hotel,Stay,Mirik,Hill View,957 INR,4.6,Hotel in Mirik with great experience
1134,Winter Hub 528,Clothing Store,Shopping,Gangtok,MG Marg,,3.1,Clothing Store in Gangtok with great experience
1135,Hilltop Cafe 607,Cafe,Food,Darjeeling,Forest Area,660 INR,4.1,Cafe in Darjeeling with great experience
1136,Waterfall 573,Attraction,Experience,Kalimpong,City Center,,3.9,Attraction in Kalimpong with great experience
1137,Mountain Style 88,Clothing Store,Shopping,Darjeeling,Mall Road,,3.5,Clothing Store in Darjeeling with great experience
1138,Safari 577,Activity,Experience,Dooars,City Center,,3.1,Activity in Dooars with great experience
1139,Food Valley 52,Restaurant,Food,Darjeeling,Mall Road,167 INR,4.9,Restaurant in Darjeeling with great experience
1140,Sunrise Coffee 836,Cafe,Food,Kurseong,Hill View,250 INR,3.1,Cafe in Kurseong with great experience
1141,Hilltop Cafe 913,Cafe,Food,Gangtok,MG Marg,289 INR,5.0,Cafe in Gangtok with great experience
1142,Taste of Hills 333,Restaurant,Food,Darjeeling,Hill View,765 INR,3.6,Restaurant in Darjeeling with great experience
1143,Lake 458,Attraction,Experience,Mirik,Hill View,,4.1,Attraction in Mirik with great experience
1144,Tea Garden Resort 112,Resort,Stay,Kalimpong,Mall Road,3365 INR,4.5,Resort in Kalimpong with great experience
1145,Skyline Hotel 102,Hotel,Stay,Dooars,Forest Area,3671 INR,4.4,Hotel in Dooars with great experience
1146,Mountain Style 363,Clothing Store,Shopping,Dooars,Tea Garden,,3.1,Clothing Store in Dooars with great experience
1147,Skyline Hotel 617,Hotel,Stay,Kurseong,City Center,1386 INR,3.4,Hotel in Kurseong with great experience
1148,Hilltop Cafe 748,Cafe,Food,Gangtok,MG Marg,178 INR,4.4,Cafe in Gangtok with great experience
1149,Mountain Nest 879,Homestay,Stay,Mirik,Tea Garden,5687 INR,4.5,Homestay in Mirik with great experience
1150,Pahari Homestay 385,Homestay,Stay,Darjeeling,Hill View,6914 INR,4.5,Homestay in Darjeeling with great experience
1151,Mountain Brew 98,Cafe,Food,Lava,Hill View,398 INR,3.2,Cafe in Lava with great experience
1152,Tea Garden Resort 290,Resort,Stay,Darjeeling,Tea Garden,7201 INR,4.0,Resort in Darjeeling with great experience
1153,Valley View Stay 918,Homestay,Stay,Gangtok,MG Marg,1752 INR,3.9,Homestay in Gangtok with great experience
1154,Mountain Nest 45,Homestay,Stay,Darjeeling,City Center,7071 INR,4.0,Homestay in Darjeeling with great experience
1155,Forest Resort 935,Resort,Stay,Dooars,Tea Garden,4899 INR,4.5,Resort in Dooars with great experience
1156,Food Valley 43,Restaurant,Food,Dooars,Forest Area,260 INR,5.0,Restaurant in Dooars with great experience
1157,Cafe Aroma 240,Cafe,Food,Dooars,Forest Area,976 INR,3.6,Cafe in Dooars with great experience
1158,Waterfall 213,Attraction,Experience,Mirik,Hill View,,5.0,Attraction in Mirik with great experience
1159,Himalayan Wear 776,Clothing Store,Shopping,Darjeeling,Tea Garden,,4.0,Clothing Store in Darjeeling with great experience
1160,View Point 262,Attraction,Experience,Dooars,Tea Garden,,3.3,Attraction in Dooars with great experience
1161,Valley View Stay 191,Homestay,Stay,Darjeeling,Hill View,2268 INR,3.9,Homestay in Darjeeling with great experience
1162,Trekking 590,Activity,Experience,Darjeeling,Tea Garden,,3.4,Activity in Darjeeling with great experience
1163,Mountain Style 906,Clothing Store,Shopping,Dooars,Tea Garden,,4.2,Clothing Store in Dooars with great experience
1164,Sunrise Coffee 407,Cafe,Food,Mirik,City Center,777 INR,4.7,Cafe in Mirik with great experience
1165,Safari 991,Activity,Experience,Dooars,Tea Garden,,4.5,Activity in Dooars with great experience
1166,Mountain Style 176,Clothing Store,Shopping,Gangtok,MG Marg,,4.9,Clothing Store in Gangtok with great experience
1167,Mountain Nest 448,Homestay,Stay,Darjeeling,Hill View,1191 INR,4.1,Homestay in Darjeeling with great experience
1168,Hotel Green View 867,Hotel,Stay,Kalimpong,Forest Area,5098 INR,3.7,Hotel in Kalimpong with great experience
1169,Himalayan Dine 938,Restaurant,Food,Kurseong,Mall Road,332 INR,5.0,Restaurant in Kurseong with great experience
1170,Peak Residency 169,Hotel,Stay,Lava,Forest Area,1861 INR,3.1,Hotel in Lava with great experience
1171,Food Valley 780,Restaurant,Food,Gangtok,MG Marg,803 INR,3.9,Restaurant in Gangtok with great experience
1172,Pahari Homestay 106,Homestay,Stay,Kurseong,Tea Garden,4240 INR,3.8,Homestay in Kurseong with great experience
1173,Luxury Hills Resort 784,Resort,Stay,Lava,Forest Area,2325 INR,3.7,Resort in Lava with great experience
1174,View Point 460,Attraction,Experience,Lava,Forest Area,,3.6,Attraction in Lava with great experience
1175,Forest Resort 613,Resort,Stay,Gangtok,MG Marg,3658 INR,3.9,Resort in Gangtok with great experience
1176,Winter Hub 646,Clothing Store,Shopping,Lava,City Center,,3.5,Clothing Store in Lava with great experience
1177,Valley View Stay 884,Homestay,Stay,Darjeeling,Hill View,7596 INR,3.8,Homestay in Darjeeling with great experience
1178,Trekking 666,Activity,Experience,Gangtok,MG Marg,,4.4,Activity in Gangtok with great experience
1179,Cafe Aroma 361,Cafe,Food,Darjeeling,Hill View,582 INR,3.9,Cafe in Darjeeling with great experience
1180,Luxury Hills Resort 332,Resort,Stay,Kurseong,Hill View,4166 INR,4.5,Resort in Kurseong with great experience
1181,Tea Garden Resort 72,Resort,Stay,Lava,City Center,2904 INR,4.3,Resort in Lava with great experience
1182,Monastery 745,Attraction,Experience,Dooars,City Center,,4.8,Attraction in Dooars with great experience
1183,Tea Garden Resort 473,Resort,Stay,Gangtok,Hill View,2263 INR,4.7,Resort in Gangtok with great experience
1184,Food Valley 187,Restaurant,Food,Darjeeling,Tea Garden,775 INR,3.3,Restaurant in Darjeeling with great experience
1185,Himalayan Wear 534,Clothing Store,Shopping,Kurseong,Tea Garden,,4.3,Clothing Store in Kurseong with great experience
1186,Monastery 435,Attraction,Experience,Darjeeling,Tea Garden,,4.3,Attraction in Darjeeling with great experience
1187,Hotel Green View 994,Hotel,Stay,Kalimpong,Mall Road,2065 INR,4.8,Hotel in Kalimpong with great experience
1188,Hotel Green View 782,Hotel,Stay,Dooars,Forest Area,2116 INR,3.1,Hotel in Dooars with great experience
1189,Himalayan Dine 441,Restaurant,Food,Darjeeling,Tea Garden,284 INR,4.1,Restaurant in Darjeeling with great experience
1190,Lake 305,Attraction,Experience,Kurseong,Forest Area,,3.9,Attraction in Kurseong with great experience
1191,Himalayan Wear 658,Clothing Store,Shopping,Darjeeling,Tea Garden,,4.6,Clothing Store in Darjeeling with great experience
1192,Cloud9 Cafe 858,Cafe,Food,Lava,City Center,200 INR,4.2,Cafe in Lava with great experience
1193,Mountain Brew 144,Cafe,Food,Mirik,Tea Garden,187 INR,3.4,Cafe in Mirik with great experience
1194,Himalayan Wear 463,Clothing Store,Shopping,Gangtok,Mall Road,,4.2,Clothing Store in Gangtok with great experience
1195,Monastery 334,Attraction,Experience,Gangtok,MG Marg,,3.7,Attraction in Gangtok with great experience
1196,Mountain Nest 945,Homestay,Stay,Gangtok,MG Marg,1455 INR,4.9,Homestay in Gangtok with great experience
1197,Peak Residency 906,Hotel,Stay,Gangtok,MG Marg,6873 INR,3.7,Hotel in Gangtok with great experience
1198,Lake 618,Attraction,Experience,Darjeeling,Mall Road,,4.1,Attraction in Darjeeling with great experience
1199,Taste of Hills 886,Restaurant,Food,Kalimpong,Hill View,751 INR,4.3,Restaurant in Kalimpong with great experience
1200,Sunrise Coffee 962,Cafe,Food,Darjeeling,Mall Road,961 INR,4.9,Cafe in Darjeeling with great experience
1201,Cloud9 Cafe 716,Cafe,Food,Dooars,City Center,528 INR,4.9,Cafe in Dooars with great experience
1202,Hotel Green View 382,Hotel,Stay,Darjeeling,Tea Garden,5118 INR,3.4,Hotel in Darjeeling with great experience
1203,Forest Resort 747,Resort,Stay,Darjeeling,Hill View,7368 INR,3.0,Resort in Darjeeling with great experience
1204,Mountain Brew 50,Cafe,Food,Gangtok,MG Marg,192 INR,4.9,Cafe in Gangtok with great experience
1205,Waterfall 128,Attraction,Experience,Mirik,Hill View,,4.2,Attraction in Mirik with great experience
1206,Cafe Aroma 473,Cafe,Food,Darjeeling,Mall Road,180 INR,3.9,Cafe in Darjeeling with great experience
1207,Mountain Brew 374,Cafe,Food,Gangtok,MG Marg,895 INR,3.1,Cafe in Gangtok with great experience
1208,Waterfall 186,Attraction,Experience,Gangtok,Mall Road,,3.7,Attraction in Gangtok with great experience
1209,Mountain Nest 112,Homestay,Stay,Kurseong,City Center,6967 INR,3.9,Homestay in Kurseong with great experience
1210,Winter Hub 131,Clothing Store,Shopping,Gangtok,Mall Road,,3.3,Clothing Store in Gangtok with great experience
1211,Hotel Green View 619,Hotel,Stay,Mirik,Tea Garden,3377 INR,3.7,Hotel in Mirik with great experience
1212,Hilltop Cafe 22,Cafe,Food,Kalimpong,City Center,701 INR,4.7,Cafe in Kalimpong with great experience
1213,Trekking 403,Activity,Experience,Darjeeling,Tea Garden,,4.7,Activity in Darjeeling with great experience
1214,Himalayan Dine 299,Restaurant,Food,Gangtok,MG Marg,626 INR,5.0,Restaurant in Gangtok with great experience
1215,Cloud9 Cafe 916,Cafe,Food,Darjeeling,Mall Road,563 INR,3.0,Cafe in Darjeeling with great experience
1216,Sunrise Coffee 237,Cafe,Food,Kurseong,Mall Road,890 INR,4.7,Cafe in Kurseong with great experience
1217,Spice Route 433,Restaurant,Food,Darjeeling,Mall Road,614 INR,5.0,Restaurant in Darjeeling with great experience
1218,Forest Resort 475,Resort,Stay,Darjeeling,Hill View,2972 INR,4.6,Resort in Darjeeling with great experience
1219,Hotel Green View 59,Hotel,Stay,Lava,Forest Area,3683 INR,3.7,Hotel in Lava with great experience
1220,Winter Hub 749,Clothing Store,Shopping,Kalimpong,Mall Road,,3.1,Clothing Store in Kalimpong with great experience
1221,Sunrise Coffee 958,Cafe,Food,Gangtok,MG Marg,638 INR,4.0,Cafe in Gangtok with great experience
1222,Safari 726,Activity,Experience,Dooars,City Center,,3.3,Activity in Dooars with great experience
1223,Safari 423,Activity,Experience,Dooars,Forest Area,,3.2,Activity in Dooars with great experience
1224,Mountain Nest 690,Homestay,Stay,Gangtok,MG Marg,3447 INR,3.9,Homestay in Gangtok with great experience
1225,Mountain Style 146,Clothing Store,Shopping,Gangtok,Hill View,,3.4,Clothing Store in Gangtok with great experience
1226,Cafe Aroma 844,Cafe,Food,Lava,Hill View,522 INR,3.3,Cafe in Lava with great experience
1227,Monastery 502,Attraction,Experience,Darjeeling,Hill View,,4.1,Attraction in Darjeeling with great experience
1228,Trekking 699,Activity,Experience,Darjeeling,Tea Garden,,3.2,Activity in Darjeeling with great experience
1229,Luxury Hills Resort 944,Resort,Stay,Mirik,City Center,7471 INR,4.1,Resort in Mirik with great experience
1230,Boating 322,Activity,Experience,Mirik,Tea Garden,,3.3,Activity in Mirik with great experience
1231,Pahari Homestay 34,Homestay,Stay,Darjeeling,Tea Garden,5873 INR,4.4,Homestay in Darjeeling with great experience
1232,Sunrise Coffee 464,Cafe,Food,Gangtok,MG Marg,215 INR,4.1,Cafe in Gangtok with great experience
1233,Safari 869,Activity,Experience,Dooars,City Center,,3.2,Activity in Dooars with great experience
1234,Forest Resort 604,Resort,Stay,Gangtok,MG Marg,7245 INR,3.1,Resort in Gangtok with great experience
1235,Luxury Hills Resort 910,Resort,Stay,Darjeeling,Mall Road,7441 INR,3.9,Resort in Darjeeling with great experience
1236,Tea Garden Resort 201,Resort,Stay,Mirik,Hill View,978 INR,4.6,Resort in Mirik with great experience
1237,Spice Route 487,Restaurant,Food,Kurseong,Mall Road,732 INR,4.0,Restaurant in Kurseong with great experience
1238,Mountain Brew 837,Cafe,Food,Kalimpong,Mall Road,142 INR,3.2,Cafe in Kalimpong with great experience
1239,Tea Garden Resort 897,Resort,Stay,Gangtok,MG Marg,4649 INR,3.3,Resort in Gangtok with great experience
1240,Hill Stay Inn 507,Hotel,Stay,Darjeeling,Tea Garden,2618 INR,4.7,Hotel in Darjeeling with great experience
1241,Hill Stay Inn 948,Hotel,Stay,Darjeeling,Mall Road,3025 INR,4.3,Hotel in Darjeeling with great experience
1242,Himalayan Wear 31,Clothing Store,Shopping,Gangtok,MG Marg,,4.2,Clothing Store in Gangtok with great experience
1243,Valley View Stay 576,Homestay,Stay,Darjeeling,Tea Garden,5882 INR,3.6,Homestay in Darjeeling with great experience
1244,Mountain Nest 758,Homestay,Stay,Gangtok,MG Marg,6794 INR,3.2,Homestay in Gangtok with great experience
1245,Peak Residency 723,Hotel,Stay,Mirik,Hill View,2691 INR,4.5,Hotel in Mirik with great experience
1246,Safari 590,Activity,Experience,Dooars,Hill View,,3.1,Activity in Dooars with great experience
1247,Skyline Hotel 304,Hotel,Stay,Gangtok,City Center,3701 INR,3.1,Hotel in Gangtok with great experience
1248,Peak Residency 160,Hotel,Stay,Darjeeling,Forest Area,1969 INR,4.5,Hotel in Darjeeling with great experience
1249,Boating 399,Activity,Experience,Mirik,Mall Road,,3.8,Activity in Mirik with great experience
1250,Cloud9 Cafe 854,Cafe,Food,Dooars,Forest Area,809 INR,3.5,Cafe in Dooars with great experience
1251,Boating 189,Activity,Experience,Mirik,Hill View,,3.0,Activity in Mirik with great experience
1252,Food Valley 967,Restaurant,Food,Darjeeling,Mall Road,346 INR,5.0,Restaurant in Darjeeling with great experience
1253,Monastery 448,Attraction,Experience,Kurseong,Mall Road,,4.5,Attraction in Kurseong with great experience
1254,Mountain Nest 434,Homestay,Stay,Darjeeling,Mall Road,5539 INR,3.7,Homestay in Darjeeling with great experience
1255,Monastery 249,Attraction,Experience,Dooars,Forest Area,,3.4,Attraction in Dooars with great experience
1256,Mountain Nest 625,Homestay,Stay,Gangtok,MG Marg,7187 INR,3.1,Homestay in Gangtok with great experience
1257,Safari 849,Activity,Experience,Dooars,Forest Area,,4.2,Activity in Dooars with great experience
1258,Food Valley 826,Restaurant,Food,Lava,City Center,263 INR,3.0,Restaurant in Lava with great experience
1259,Forest Resort 581,Resort,Stay,Kalimpong,Forest Area,4736 INR,3.2,Resort in Kalimpong with great experience
1260,Himalayan Wear 963,Clothing Store,Shopping,Gangtok,MG Marg,,4.7,Clothing Store in Gangtok with great experience
1261,Sunrise Coffee 259,Cafe,Food,Gangtok,MG Marg,466 INR,4.9,Cafe in Gangtok with great experience
1262,Forest Resort 585,Resort,Stay,Kurseong,Forest Area,2814 INR,4.4,Resort in Kurseong with great experience
1263,Hill Stay Inn 944,Hotel,Stay,Gangtok,MG Marg,5154 INR,3.3,Hotel in Gangtok with great experience
1264,Himalayan Dine 469,Restaurant,Food,Gangtok,Mall Road,781 INR,3.4,Restaurant in Gangtok with great experience
1265,Himalayan Wear 32,Clothing Store,Shopping,Kalimpong,Hill View,,4.4,Clothing Store in Kalimpong with great experience
1266,Mountain Style 803,Clothing Store,Shopping,Darjeeling,Mall Road,,3.4,Clothing Store in Darjeeling with great experience
1267,Hilltop Cafe 245,Cafe,Food,Gangtok,Mall Road,164 INR,3.9,Cafe in Gangtok with great experience
1268,Spice Route 356,Restaurant,Food,Dooars,Tea Garden,932 INR,4.6,Restaurant in Dooars with great experience
1269,Cafe Aroma 171,Cafe,Food,Kalimpong,Hill View,930 INR,4.8,Cafe in Kalimpong with great experience
1270,Winter Hub 46,Clothing Store,Shopping,Gangtok,MG Marg,,3.7,Clothing Store in Gangtok with great experience
1271,Pahari Homestay 110,Homestay,Stay,Kalimpong,Hill View,4098 INR,3.8,Homestay in Kalimpong with great experience
1272,Forest Resort 840,Resort,Stay,Darjeeling,Mall Road,1925 INR,3.5,Resort in Darjeeling with great experience
1273,Monastery 163,Attraction,Experience,Dooars,Tea Garden,,3.4,Attraction in Dooars with great experience
1274,Waterfall 294,Attraction,Experience,Gangtok,MG Marg,,3.9,Attraction in Gangtok with great experience
1275,Forest Resort 388,Resort,Stay,Lava,Forest Area,3974 INR,3.0,Resort in Lava with great experience
1276,Luxury Hills Resort 999,Resort,Stay,Kalimpong,Forest Area,4626 INR,4.2,Resort in Kalimpong with great experience
1277,Winter Hub 135,Clothing Store,Shopping,Darjeeling,Mall Road,,4.2,Clothing Store in Darjeeling with great experience
1278,Waterfall 406,Attraction,Experience,Gangtok,MG Marg,,3.3,Attraction in Gangtok with great experience
1279,Himalayan Wear 759,Clothing Store,Shopping,Darjeeling,Mall Road,,3.9,Clothing Store in Darjeeling with great experience
1280,Mountain Nest 148,Homestay,Stay,Mirik,Tea Garden,7526 INR,3.3,Homestay in Mirik with great experience
1281,Mountain Brew 215,Cafe,Food,Darjeeling,Tea Garden,986 INR,4.7,Cafe in Darjeeling with great experience
1282,Spice Route 86,Restaurant,Food,Kalimpong,City Center,306 INR,4.3,Restaurant in Kalimpong with great experience
1283,Mountain Brew 306,Cafe,Food,Darjeeling,Mall Road,844 INR,5.0,Cafe in Darjeeling with great experience
1284,Taste of Hills 484,Restaurant,Food,Lava,Forest Area,103 INR,3.4,Restaurant in Lava with great experience
1285,Lake 530,Attraction,Experience,Darjeeling,Hill View,,4.9,Attraction in Darjeeling with great experience
1286,Food Valley 208,Restaurant,Food,Gangtok,Hill View,716 INR,3.8,Restaurant in Gangtok with great experience
1287,Luxury Hills Resort 794,Resort,Stay,Kurseong,Forest Area,1820 INR,4.6,Resort in Kurseong with great experience
1288,Mountain Nest 196,Homestay,Stay,Kurseong,Tea Garden,6519 INR,5.0,Homestay in Kurseong with great experience
1289,Mountain Brew 389,Cafe,Food,Kalimpong,Mall Road,968 INR,4.5,Cafe in Kalimpong with great experience
1290,Mountain Nest 611,Homestay,Stay,Kurseong,Hill View,1716 INR,3.3,Homestay in Kurseong with great experience
1291,Sunrise Coffee 743,Cafe,Food,Dooars,City Center,246 INR,3.4,Cafe in Dooars with great experience
1292,Valley View Stay 746,Homestay,Stay,Lava,Forest Area,4028 INR,3.0,Homestay in Lava with great experience
1293,Boating 145,Activity,Experience,Mirik,Mall Road,,4.5,Activity in Mirik with great experience
1294,Boating 772,Activity,Experience,Mirik,Tea Garden,,4.1,Activity in Mirik with great experience
1295,Winter Hub 586,Clothing Store,Shopping,Kurseong,Hill View,,4.5,Clothing Store in Kurseong with great experience
1296,Mountain Style 219,Clothing Store,Shopping,Lava,Forest Area,,4.9,Clothing Store in Lava with great experience
1297,Toy Train Ride 832,Activity,Experience,Darjeeling,Mall Road,,4.1,Activity in Darjeeling with great experience
1298,Valley View Stay 255,Homestay,Stay,Darjeeling,Tea Garden,1065 INR,4.8,Homestay in Darjeeling with great experience
1299,Himalayan Wear 490,Clothing Store,Shopping,Darjeeling,Mall Road,,3.4,Clothing Store in Darjeeling with great experience
1300,Tea Garden Resort 686,Resort,Stay,Darjeeling,Mall Road,2458 INR,4.6,Resort in Darjeeling with great experience
1301,Forest Resort 306,Resort,Stay,Kurseong,Forest Area,4673 INR,4.0,Resort in Kurseong with great experience
1302,Cloud9 Cafe 773,Cafe,Food,Lava,City Center,953 INR,4.4,Cafe in Lava with great experience
1303,Valley View Stay 116,Homestay,Stay,Darjeeling,Mall Road,5003 INR,4.1,Homestay in Darjeeling with great experience
1304,Hill Stay Inn 431,Hotel,Stay,Gangtok,City Center,3203 INR,4.8,Hotel in Gangtok with great experience
1305,Winter Hub 620,Clothing Store,Shopping,Darjeeling,Tea Garden,,4.2,Clothing Store in Darjeeling with great experience
1306,Forest Resort 29,Resort,Stay,Gangtok,Mall Road,1352 INR,4.7,Resort in Gangtok with great experience
1307,Waterfall 424,Attraction,Experience,Gangtok,MG Marg,,3.5,Attraction in Gangtok with great experience
1308,Sunrise Coffee 890,Cafe,Food,Gangtok,City Center,197 INR,3.7,Cafe in Gangtok with great experience
1309,Mountain Style 551,Clothing Store,Shopping,Darjeeling,Mall Road,,4.9,Clothing Store in Darjeeling with great experience
1310,Winter Hub 147,Clothing Store,Shopping,Gangtok,MG Marg,,4.2,Clothing Store in Gangtok with great experience
1311,Luxury Hills Resort 677,Resort,Stay,Dooars,City Center,1872 INR,4.4,Resort in Dooars with great experience
1312,Toy Train Ride 769,Activity,Experience,Darjeeling,Forest Area,,4.6,Activity in Darjeeling with great experience
1313,View Point 258,Attraction,Experience,Gangtok,MG Marg,,3.9,Attraction in Gangtok with great experience
1314,Monastery 247,Attraction,Experience,Mirik,City Center,,4.1,Attraction in Mirik with great experience
1315,Luxury Hills Resort 256,Resort,Stay,Gangtok,MG Marg,2934 INR,3.8,Resort in Gangtok with great experience
1316,Taste of Hills 242,Restaurant,Food,Gangtok,MG Marg,592 INR,3.8,Restaurant in Gangtok with great experience
1317,Mountain Brew 870,Cafe,Food,Dooars,City Center,387 INR,4.8,Cafe in Dooars with great experience
1318,Safari 433,Activity,Experience,Dooars,Hill View,,3.6,Activity in Dooars with great experience
1319,Safari 80,Activity,Experience,Dooars,Forest Area,,5.0,Activity in Dooars with great experience
1320,Mountain Brew 140,Cafe,Food,Kalimpong,Mall Road,243 INR,4.4,Cafe in Kalimpong with great experience
1321,Tea Garden Resort 168,Resort,Stay,Gangtok,MG Marg,4390 INR,4.5,Resort in Gangtok with great experience
1322,Winter Hub 509,Clothing Store,Shopping,Lava,Forest Area,,3.7,Clothing Store in Lava with great experience
1323,View Point 59,Attraction,Experience,Darjeeling,City Center,,4.0,Attraction in Darjeeling with great experience
1324,Hotel Green View 57,Hotel,Stay,Kalimpong,Hill View,7185 INR,3.5,Hotel in Kalimpong with great experience
1325,Mountain Nest 351,Homestay,Stay,Kurseong,Tea Garden,7620 INR,4.3,Homestay in Kurseong with great experience
1326,Spice Route 423,Restaurant,Food,Darjeeling,City Center,637 INR,4.7,Restaurant in Darjeeling with great experience
1327,Taste of Hills 75,Restaurant,Food,Dooars,City Center,314 INR,4.3,Restaurant in Dooars with great experience
1328,Winter Hub 612,Clothing Store,Shopping,Darjeeling,Hill View,,4.0,Clothing Store in Darjeeling with great experience
1329,View Point 620,Attraction,Experience,Darjeeling,Mall Road,,4.2,Attraction in Darjeeling with great experience
1330,Winter Hub 948,Clothing Store,Shopping,Darjeeling,Mall Road,,4.3,Clothing Store in Darjeeling with great experience
1331,Skyline Hotel 374,Hotel,Stay,Dooars,Forest Area,1157 INR,4.7,Hotel in Dooars with great experience
1332,Winter Hub 669,Clothing Store,Shopping,Mirik,City Center,,4.5,Clothing Store in Mirik with great experience
1333,Himalayan Wear 776,Clothing Store,Shopping,Kalimpong,Hill View,,4.2,Clothing Store in Kalimpong with great experience
1334,Food Valley 734,Restaurant,Food,Darjeeling,Mall Road,393 INR,4.1,Restaurant in Darjeeling with great experience
1335,Pahari Homestay 263,Homestay,Stay,Gangtok,MG Marg,7165 INR,4.1,Homestay in Gangtok with great experience
1336,Hill Stay Inn 960,Hotel,Stay,Kurseong,Tea Garden,7533 INR,4.1,Hotel in Kurseong with great experience
1337,Cloud9 Cafe 261,Cafe,Food,Kalimpong,City Center,208 INR,4.8,Cafe in Kalimpong with great experience
1338,Forest Resort 200,Resort,Stay,Lava,Hill View,7340 INR,3.7,Resort in Lava with great experience
1339,Himalayan Wear 978,Clothing Store,Shopping,Lava,City Center,,4.7,Clothing Store in Lava with great experience
1340,Valley View Stay 544,Homestay,Stay,Darjeeling,Mall Road,1548 INR,4.6,Homestay in Darjeeling with great experience
1341,Winter Hub 929,Clothing Store,Shopping,Kalimpong,Forest Area,,4.0,Clothing Store in Kalimpong with great experience
1342,Hill Stay Inn 400,Hotel,Stay,Dooars,Forest Area,5913 INR,4.6,Hotel in Dooars with great experience
1343,Sunrise Coffee 390,Cafe,Food,Gangtok,City Center,928 INR,3.4,Cafe in Gangtok with great experience
1344,Hill Stay Inn 76,Hotel,Stay,Darjeeling,Tea Garden,4816 INR,4.3,Hotel in Darjeeling with great experience
1345,Peak Residency 759,Hotel,Stay,Darjeeling,Mall Road,4847 INR,3.6,Hotel in Darjeeling with great experience
1346,Food Valley 282,Restaurant,Food,Darjeeling,Tea Garden,456 INR,4.4,Restaurant in Darjeeling with great experience
1347,Cafe Aroma 393,Cafe,Food,Gangtok,Mall Road,262 INR,4.1,Cafe in Gangtok with great experience
1348,Mountain Style 664,Clothing Store,Shopping,Kurseong,Tea Garden,,4.3,Clothing Store in Kurseong with great experience
1349,Tea Garden Resort 87,Resort,Stay,Lava,Forest Area,6050 INR,3.9,Resort in Lava with great experience
1350,Mountain Brew 809,Cafe,Food,Lava,Hill View,635 INR,3.6,Cafe in Lava with great experience
1351,Cloud9 Cafe 480,Cafe,Food,Darjeeling,Tea Garden,684 INR,3.6,Cafe in Darjeeling with great experience
1352,Skyline Hotel 652,Hotel,Stay,Kalimpong,Mall Road,3041 INR,3.8,Hotel in Kalimpong with great experience
1353,Luxury Hills Resort 108,Resort,Stay,Mirik,Tea Garden,1449 INR,5.0,Resort in Mirik with great experience
1354,Winter Hub 788,Clothing Store,Shopping,Gangtok,City Center,,4.8,Clothing Store in Gangtok with great experience
1355,Mountain Nest 278,Homestay,Stay,Darjeeling,Forest Area,5996 INR,3.3,Homestay in Darjeeling with great experience
1356,Mountain Style 160,Clothing Store,Shopping,Darjeeling,Mall Road,,4.1,Clothing Store in Darjeeling with great experience
1357,View Point 199,Attraction,Experience,Darjeeling,Tea Garden,,3.3,Attraction in Darjeeling with great experience
1358,Hill Stay Inn 388,Hotel,Stay,Dooars,City Center,6708 INR,4.9,Hotel in Dooars with great experience
1359,Food Valley 22,Restaurant,Food,Darjeeling,Mall Road,307 INR,3.9,Restaurant in Darjeeling with great experience
1360,Taste of Hills 758,Restaurant,Food,Gangtok,MG Marg,321 INR,4.3,Restaurant in Gangtok with great experience
1361,Mountain Style 464,Clothing Store,Shopping,Kurseong,City Center,,4.0,Clothing Store in Kurseong with great experience
1362,Tea Garden Resort 919,Resort,Stay,Darjeeling,Tea Garden,2636 INR,4.0,Resort in Darjeeling with great experience
1363,Himalayan Wear 585,Clothing Store,Shopping,Darjeeling,Hill View,,4.6,Clothing Store in Darjeeling with great experience
1364,Lake 373,Attraction,Experience,Darjeeling,Mall Road,,4.0,Attraction in Darjeeling with great experience
1365,Winter Hub 632,Clothing Store,Shopping,Kurseong,City Center,,3.6,Clothing Store in Kurseong with great experience
1366,Hill Stay Inn 957,Hotel,Stay,Gangtok,MG Marg,5534 INR,4.0,Hotel in Gangtok with great experience
1367,Hotel Green View 196,Hotel,Stay,Gangtok,Hill View,7444 INR,3.3,Hotel in Gangtok with great experience
1368,Monastery 887,Attraction,Experience,Dooars,City Center,,3.9,Attraction in Dooars with great experience
1369,Forest Resort 623,Resort,Stay,Gangtok,MG Marg,4969 INR,3.8,Resort in Gangtok with great experience
1370,View Point 270,Attraction,Experience,Lava,City Center,,3.0,Attraction in Lava with great experience
1371,Tea Garden Resort 371,Resort,Stay,Darjeeling,Tea Garden,1567 INR,4.1,Resort in Darjeeling with great experience
1372,Tea Garden Resort 938,Resort,Stay,Darjeeling,Forest Area,5274 INR,3.5,Resort in Darjeeling with great experience
1373,Himalayan Dine 940,Restaurant,Food,Darjeeling,Mall Road,944 INR,4.6,Restaurant in Darjeeling with great experience
1374,Valley View Stay 171,Homestay,Stay,Darjeeling,Forest Area,3225 INR,3.3,Homestay in Darjeeling with great experience
1375,Pahari Homestay 152,Homestay,Stay,Darjeeling,Tea Garden,7235 INR,4.5,Homestay in Darjeeling with great experience
1376,Peak Residency 231,Hotel,Stay,Mirik,Tea Garden,6903 INR,4.0,Hotel in Mirik with great experience
1377,Waterfall 212,Attraction,Experience,Gangtok,Mall Road,,3.1,Attraction in Gangtok with great experience
1378,Tea Garden Resort 431,Resort,Stay,Gangtok,MG Marg,4129 INR,4.0,Resort in Gangtok with great experience
1379,Monastery 696,Attraction,Experience,Darjeeling,Mall Road,,3.2,Attraction in Darjeeling with great experience
1380,Trekking 217,Activity,Experience,Gangtok,Hill View,,3.4,Activity in Gangtok with great experience
1381,Luxury Hills Resort 251,Resort,Stay,Kurseong,Tea Garden,6319 INR,4.7,Resort in Kurseong with great experience
1382,Cafe Aroma 334,Cafe,Food,Gangtok,MG Marg,415 INR,3.2,Cafe in Gangtok with great experience
1383,Hilltop Cafe 544,Cafe,Food,Gangtok,MG Marg,408 INR,3.2,Cafe in Gangtok with great experience
1384,Waterfall 154,Attraction,Experience,Kalimpong,City Center,,3.9,Attraction in Kalimpong with great experience
1385,Mountain Brew 795,Cafe,Food,Darjeeling,Mall Road,942 INR,4.8,Cafe in Darjeeling with great experience
1386,Waterfall 72,Attraction,Experience,Darjeeling,Hill View,,3.1,Attraction in Darjeeling with great experience
1387,Valley View Stay 153,Homestay,Stay,Darjeeling,Hill View,7630 INR,4.8,Homestay in Darjeeling with great experience
1388,Mountain Brew 556,Cafe,Food,Darjeeling,Tea Garden,104 INR,4.5,Cafe in Darjeeling with great experience
1389,Himalayan Dine 309,Restaurant,Food,Gangtok,Mall Road,612 INR,4.8,Restaurant in Gangtok with great experience
1390,Forest Resort 919,Resort,Stay,Lava,Hill View,7410 INR,4.4,Resort in Lava with great experience
1391,Spice Route 232,Restaurant,Food,Dooars,Forest Area,671 INR,4.7,Restaurant in Dooars with great experience
1392,Boating 197,Activity,Experience,Mirik,Tea Garden,,4.2,Activity in Mirik with great experience
1393,Valley View Stay 605,Homestay,Stay,Gangtok,MG Marg,5082 INR,4.9,Homestay in Gangtok with great experience
1394,Waterfall 168,Attraction,Experience,Dooars,Forest Area,,3.2,Attraction in Dooars with great experience
1395,Mountain Style 152,Clothing Store,Shopping,Darjeeling,Tea Garden,,3.1,Clothing Store in Darjeeling with great experience
1396,Winter Hub 159,Clothing Store,Shopping,Gangtok,MG Marg,,4.0,Clothing Store in Gangtok with great experience
1397,Winter Hub 461,Clothing Store,Shopping,Darjeeling,Mall Road,,3.8,Clothing Store in Darjeeling with great experience
1398,Safari 509,Activity,Experience,Dooars,Tea Garden,,4.0,Activity in Dooars with great experience
1399,Himalayan Wear 350,Clothing Store,Shopping,Lava,Hill View,,4.7,Clothing Store in Lava with great experience
1400,Pahari Homestay 320,Homestay,Stay,Darjeeling,Mall Road,1007 INR,3.9,Homestay in Darjeeling with great experience
1401,Food Valley 776,Restaurant,Food,Gangtok,MG Marg,447 INR,3.1,Restaurant in Gangtok with great experience
1402,Hilltop Cafe 109,Cafe,Food,Kurseong,Tea Garden,378 INR,3.6,Cafe in Kurseong with great experience
1403,Pahari Homestay 936,Homestay,Stay,Darjeeling,City Center,7662 INR,4.4,Homestay in Darjeeling with great experience
1404,Sunrise Coffee 115,Cafe,Food,Kurseong,Mall Road,773 INR,4.2,Cafe in Kurseong with great experience
1405,Himalayan Dine 822,Restaurant,Food,Darjeeling,Forest Area,773 INR,3.7,Restaurant in Darjeeling with great experience
1406,Pahari Homestay 55,Homestay,Stay,Gangtok,MG Marg,2109 INR,3.1,Homestay in Gangtok with great experience
1407,View Point 278,Attraction,Experience,Lava,City Center,,4.9,Attraction in Lava with great experience
1408,View Point 557,Attraction,Experience,Gangtok,City Center,,4.5,Attraction in Gangtok with great experience
1409,Winter Hub 185,Clothing Store,Shopping,Darjeeling,Mall Road,,4.9,Clothing Store in Darjeeling with great experience
1410,Luxury Hills Resort 830,Resort,Stay,Gangtok,MG Marg,7690 INR,4.5,Resort in Gangtok with great experience
1411,Himalayan Dine 492,Restaurant,Food,Darjeeling,Mall Road,770 INR,3.4,Restaurant in Darjeeling with great experience
1412,Mountain Nest 133,Homestay,Stay,Mirik,City Center,3823 INR,3.4,Homestay in Mirik with great experience
1413,Spice Route 60,Restaurant,Food,Gangtok,MG Marg,162 INR,4.8,Restaurant in Gangtok with great experience
1414,Mountain Nest 66,Homestay,Stay,Lava,Forest Area,1360 INR,3.3,Homestay in Lava with great experience
1415,Luxury Hills Resort 546,Resort,Stay,Gangtok,MG Marg,2127 INR,3.9,Resort in Gangtok with great experience
1416,Himalayan Wear 144,Clothing Store,Shopping,Gangtok,Mall Road,,4.7,Clothing Store in Gangtok with great experience
1417,Spice Route 226,Restaurant,Food,Dooars,Forest Area,910 INR,4.6,Restaurant in Dooars with great experience
1418,Spice Route 120,Restaurant,Food,Darjeeling,Tea Garden,391 INR,3.2,Restaurant in Darjeeling with great experience
1419,Skyline Hotel 850,Hotel,Stay,Dooars,Tea Garden,3660 INR,3.2,Hotel in Dooars with great experience
1420,Luxury Hills Resort 147,Resort,Stay,Darjeeling,Forest Area,5899 INR,3.6,Resort in Darjeeling with great experience
1421,Mountain Brew 742,Cafe,Food,Gangtok,MG Marg,771 INR,4.7,Cafe in Gangtok with great experience
1422,Safari 261,Activity,Experience,Dooars,Tea Garden,,3.9,Activity in Dooars with great experience
1423,Peak Residency 839,Hotel,Stay,Dooars,Tea Garden,3046 INR,3.7,Hotel in Dooars with great experience
1424,Valley View Stay 908,Homestay,Stay,Darjeeling,Tea Garden,5991 INR,3.2,Homestay in Darjeeling with great experience
1425,Toy Train Ride 414,Activity,Experience,Darjeeling,Mall Road,,3.9,Activity in Darjeeling with great experience
1426,Hotel Green View 53,Hotel,Stay,Darjeeling,Tea Garden,2027 INR,4.3,Hotel in Darjeeling with great experience
1427,Valley View Stay 862,Homestay,Stay,Gangtok,MG Marg,5444 INR,4.4,Homestay in Gangtok with great experience
1428,Himalayan Wear 805,Clothing Store,Shopping,Kalimpong,Hill View,,5.0,Clothing Store in Kalimpong with great experience
1429,Himalayan Wear 397,Clothing Store,Shopping,Darjeeling,Tea Garden,,3.9,Clothing Store in Darjeeling with great experience
1430,Luxury Hills Resort 632,Resort,Stay,Darjeeling,Hill View,5483 INR,3.8,Resort in Darjeeling with great experience
1431,Luxury Hills Resort 740,Resort,Stay,Gangtok,MG Marg,6981 INR,3.9,Resort in Gangtok with great experience
1432,Mountain Nest 316,Homestay,Stay,Gangtok,MG Marg,5655 INR,3.4,Homestay in Gangtok with great experience
1433,Safari 74,Activity,Experience,Dooars,City Center,,4.7,Activity in Dooars with great experience
1434,Hotel Green View 897,Hotel,Stay,Darjeeling,Hill View,6721 INR,4.9,Hotel in Darjeeling with great experience
1435,Hill Stay Inn 741,Hotel,Stay,Darjeeling,Forest Area,2482 INR,3.7,Hotel in Darjeeling with great experience
1436,Toy Train Ride 200,Activity,Experience,Darjeeling,Forest Area,,4.1,Activity in Darjeeling with great experience
1437,Toy Train Ride 452,Activity,Experience,Darjeeling,Mall Road,,3.7,Activity in Darjeeling with great experience
1438,Food Valley 88,Restaurant,Food,Dooars,Forest Area,565 INR,4.3,Restaurant in Dooars with great experience
1439,Mountain Nest 958,Homestay,Stay,Darjeeling,Mall Road,6548 INR,4.5,Homestay in Darjeeling with great experience
1440,Cloud9 Cafe 456,Cafe,Food,Gangtok,Mall Road,925 INR,3.2,Cafe in Gangtok with great experience
1441,Toy Train Ride 311,Activity,Experience,Darjeeling,Hill View,,3.9,Activity in Darjeeling with great experience
1442,Food Valley 257,Restaurant,Food,Lava,Forest Area,481 INR,4.9,Restaurant in Lava with great experience
1443,Forest Resort 631,Resort,Stay,Gangtok,City Center,3469 INR,4.9,Resort in Gangtok with great experience
1444,Hill Stay Inn 920,Hotel,Stay,Kalimpong,Hill View,6780 INR,3.8,Hotel in Kalimpong with great experience
1445,Cloud9 Cafe 747,Cafe,Food,Kurseong,Mall Road,821 INR,4.5,Cafe in Kurseong with great experience
1446,Taste of Hills 359,Restaurant,Food,Darjeeling,Mall Road,265 INR,4.0,Restaurant in Darjeeling with great experience
1447,Toy Train Ride 396,Activity,Experience,Darjeeling,City Center,,3.8,Activity in Darjeeling with great experience
1448,Mountain Nest 122,Homestay,Stay,Mirik,Hill View,7139 INR,3.6,Homestay in Mirik with great experience
1449,Valley View Stay 457,Homestay,Stay,Kurseong,Mall Road,3780 INR,4.1,Homestay in Kurseong with great experience
1450,Monastery 931,Attraction,Experience,Darjeeling,Tea Garden,,3.1,Attraction in Darjeeling with great experience
1451,Forest Resort 472,Resort,Stay,Kurseong,City Center,5796 INR,3.7,Resort in Kurseong with great experience
1452,Hotel Green View 754,Hotel,Stay,Lava,Forest Area,2657 INR,4.4,Hotel in Lava with great experience
1453,View Point 955,Attraction,Experience,Gangtok,Hill View,,4.5,Attraction in Gangtok with great experience
1454,Taste of Hills 267,Restaurant,Food,Darjeeling,Tea Garden,967 INR,4.2,Restaurant in Darjeeling with great experience
1455,Valley View Stay 398,Homestay,Stay,Darjeeling,Hill View,4816 INR,4.0,Homestay in Darjeeling with great experience
1456,Monastery 46,Attraction,Experience,Darjeeling,Hill View,,5.0,Attraction in Darjeeling with great experience
1457,Himalayan Wear 515,Clothing Store,Shopping,Kurseong,Forest Area,,3.6,Clothing Store in Kurseong with great experience
1458,Waterfall 771,Attraction,Experience,Dooars,Forest Area,,3.6,Attraction in Dooars with great experience
1459,Mountain Nest 252,Homestay,Stay,Darjeeling,Mall Road,7287 INR,3.6,Homestay in Darjeeling with great experience
1460,Mountain Brew 401,Cafe,Food,Gangtok,City Center,912 INR,4.0,Cafe in Gangtok with great experience
1461,Himalayan Wear 380,Clothing Store,Shopping,Mirik,Tea Garden,,3.2,Clothing Store in Mirik with great experience
1462,Trekking 249,Activity,Experience,Darjeeling,Mall Road,,4.7,Activity in Darjeeling with great experience
1463,Monastery 24,Attraction,Experience,Darjeeling,Hill View,,4.0,Attraction in Darjeeling with great experience
1464,Monastery 469,Attraction,Experience,Mirik,Hill View,,3.7,Attraction in Mirik with great experience
1465,Skyline Hotel 27,Hotel,Stay,Kurseong,Forest Area,2124 INR,3.4,Hotel in Kurseong with great experience
1466,Cafe Aroma 133,Cafe,Food,Kurseong,Mall Road,123 INR,3.8,Cafe in Kurseong with great experience
1467,Forest Resort 227,Resort,Stay,Darjeeling,Mall Road,4990 INR,3.6,Resort in Darjeeling with great experience
1468,Valley View Stay 454,Homestay,Stay,Dooars,Forest Area,3741 INR,5.0,Homestay in Dooars with great experience
1469,Peak Residency 834,Hotel,Stay,Mirik,Hill View,6326 INR,3.0,Hotel in Mirik with great experience
1470,Hill Stay Inn 57,Hotel,Stay,Darjeeling,Tea Garden,808 INR,5.0,Hotel in Darjeeling with great experience
1471,Luxury Hills Resort 220,Resort,Stay,Dooars,Forest Area,2640 INR,3.8,Resort in Dooars with great experience
1472,Valley View Stay 375,Homestay,Stay,Darjeeling,Tea Garden,1458 INR,4.1,Homestay in Darjeeling with great experience
1473,Pahari Homestay 798,Homestay,Stay,Darjeeling,Mall Road,3582 INR,4.9,Homestay in Darjeeling with great experience
1474,Peak Residency 75,Hotel,Stay,Gangtok,Hill View,2458 INR,4.0,Hotel in Gangtok with great experience
1475,Mountain Brew 409,Cafe,Food,Dooars,Forest Area,190 INR,3.2,Cafe in Dooars with great experience
1476,Boating 201,Activity,Experience,Mirik,Tea Garden,,4.8,Activity in Mirik with great experience
1477,Spice Route 203,Restaurant,Food,Gangtok,MG Marg,850 INR,3.3,Restaurant in Gangtok with great experience
1478,Food Valley 360,Restaurant,Food,Kurseong,Forest Area,661 INR,4.7,Restaurant in Kurseong with great experience
1479,Winter Hub 195,Clothing Store,Shopping,Gangtok,MG Marg,,4.6,Clothing Store in Gangtok with great experience
1480,Winter Hub 95,Clothing Store,Shopping,Kalimpong,Forest Area,,4.5,Clothing Store in Kalimpong with great experience
1481,Valley View Stay 774,Homestay,Stay,Darjeeling,Forest Area,4905 INR,4.8,Homestay in Darjeeling with great experience
1482,Food Valley 115,Restaurant,Food,Darjeeling,Hill View,977 INR,4.6,Restaurant in Darjeeling with great experience
1483,Hill Stay Inn 433,Hotel,Stay,Lava,City Center,1702 INR,3.9,Hotel in Lava with great experience
1484,Monastery 871,Attraction,Experience,Darjeeling,Tea Garden,,3.2,Attraction in Darjeeling with great experience
1485,Cloud9 Cafe 163,Cafe,Food,Gangtok,MG Marg,866 INR,4.8,Cafe in Gangtok with great experience
1486,Food Valley 452,Restaurant,Food,Kurseong,Tea Garden,793 INR,4.6,Restaurant in Kurseong with great experience
1487,Valley View Stay 223,Homestay,Stay,Gangtok,MG Marg,6583 INR,3.5,Homestay in Gangtok with great experience
1488,Lake 459,Attraction,Experience,Kalimpong,City Center,,4.7,Attraction in Kalimpong with great experience
1489,Trekking 131,Activity,Experience,Gangtok,MG Marg,,3.6,Activity in Gangtok with great experience
1490,Monastery 424,Attraction,Experience,Kalimpong,Mall Road,,3.1,Attraction in Kalimpong with great experience
1491,Winter Hub 592,Clothing Store,Shopping,Gangtok,MG Marg,,3.8,Clothing Store in Gangtok with great experience
1492,Trekking 748,Activity,Experience,Darjeeling,Tea Garden,,4.3,Activity in Darjeeling with great experience
1493,Valley View Stay 358,Homestay,Stay,Gangtok,MG Marg,2687 INR,3.2,Homestay in Gangtok with great experience
1494,Tea Garden Resort 693,Resort,Stay,Gangtok,MG Marg,947 INR,4.7,Resort in Gangtok with great experience
1495,Pahari Homestay 443,Homestay,Stay,Kalimpong,Mall Road,3474 INR,4.5,Homestay in Kalimpong with great experience
1496,Tea Garden Resort 543,Resort,Stay,Darjeeling,Mall Road,2670 INR,4.5,Resort in Darjeeling with great experience
1497,Mountain Style 164,Clothing Store,Shopping,Mirik,City Center,,4.7,Clothing Store in Mirik with great experience
1498,Hill Stay Inn 504,Hotel,Stay,Darjeeling,Tea Garden,6563 INR,3.8,Hotel in Darjeeling with great experience
1499,Taste of Hills 607,Restaurant,Food,Kalimpong,City Center,742 INR,3.3,Restaurant in Kalimpong with great experience
1500,Lake 688,Attraction,Experience,Darjeeling,City Center,,4.2,Attraction in Darjeeling with great experience
1501,Food Valley 39,Restaurant,Food,Darjeeling,Mall Road,590 INR,4.2,Restaurant in Darjeeling with great experience
1502,Luxury Hills Resort 491,Resort,Stay,Kalimpong,City Center,5538 INR,3.2,Resort in Kalimpong with great experience
1503,Hill Stay Inn 624,Hotel,Stay,Kalimpong,Mall Road,5131 INR,4.7,Hotel in Kalimpong with great experience
1504,Boating 531,Activity,Experience,Mirik,Forest Area,,4.5,Activity in Mirik with great experience
1505,Forest Resort 333,Resort,Stay,Gangtok,MG Marg,3954 INR,4.1,Resort in Gangtok with great experience
1506,Safari 399,Activity,Experience,Dooars,Hill View,,4.7,Activity in Dooars with great experience
1507,Safari 73,Activity,Experience,Dooars,Forest Area,,3.9,Activity in Dooars with great experience
1508,Mountain Nest 572,Homestay,Stay,Darjeeling,Mall Road,5513 INR,4.8,Homestay in Darjeeling with great experience
1509,Sunrise Coffee 220,Cafe,Food,Dooars,Tea Garden,906 INR,3.4,Cafe in Dooars with great experience
1510,Himalayan Wear 332,Clothing Store,Shopping,Lava,City Center,,4.1,Clothing Store in Lava with great experience
1511,Waterfall 897,Attraction,Experience,Darjeeling,Mall Road,,3.9,Attraction in Darjeeling with great experience
1512,Himalayan Dine 460,Restaurant,Food,Dooars,Tea Garden,764 INR,3.5,Restaurant in Dooars with great experience
1513,Pahari Homestay 616,Homestay,Stay,Gangtok,MG Marg,3778 INR,4.6,Homestay in Gangtok with great experience
1514,Winter Hub 950,Clothing Store,Shopping,Gangtok,MG Marg,,3.4,Clothing Store in Gangtok with great experience
1515,Winter Hub 982,Clothing Store,Shopping,Gangtok,MG Marg,,3.9,Clothing Store in Gangtok with great experience
1516,Safari 357,Activity,Experience,Dooars,Tea Garden,,4.7,Activity in Dooars with great experience
1517,View Point 439,Attraction,Experience,Lava,Hill View,,4.5,Attraction in Lava with great experience
1518,Himalayan Wear 221,Clothing Store,Shopping,Mirik,City Center,,4.0,Clothing Store in Mirik with great experience
1519,Himalayan Dine 436,Restaurant,Food,Gangtok,City Center,293 INR,3.2,Restaurant in Gangtok with great experience
1520,Boating 865,Activity,Experience,Mirik,Tea Garden,,3.9,Activity in Mirik with great experience
1521,Hilltop Cafe 525,Cafe,Food,Mirik,Hill View,802 INR,4.6,Cafe in Mirik with great experience
1522,Hill Stay Inn 391,Hotel,Stay,Mirik,Tea Garden,2216 INR,4.3,Hotel in Mirik with great experience
1523,Cafe Aroma 633,Cafe,Food,Kalimpong,Forest Area,635 INR,3.4,Cafe in Kalimpong with great experience
1524,Lake 74,Attraction,Experience,Kalimpong,City Center,,4.7,Attraction in Kalimpong with great experience
1525,Luxury Hills Resort 181,Resort,Stay,Darjeeling,Hill View,1593 INR,4.1,Resort in Darjeeling with great experience
1526,Food Valley 366,Restaurant,Food,Gangtok,City Center,454 INR,4.7,Restaurant in Gangtok with great experience
1527,View Point 249,Attraction,Experience,Lava,City Center,,4.1,Attraction in Lava with great experience
1528,Luxury Hills Resort 808,Resort,Stay,Kalimpong,Hill View,4092 INR,3.6,Resort in Kalimpong with great experience
1529,Himalayan Dine 805,Restaurant,Food,Gangtok,MG Marg,406 INR,3.6,Restaurant in Gangtok with great experience
1530,Food Valley 796,Restaurant,Food,Darjeeling,Hill View,121 INR,3.4,Restaurant in Darjeeling with great experience
1531,Valley View Stay 368,Homestay,Stay,Darjeeling,City Center,7560 INR,4.3,Homestay in Darjeeling with great experience
1532,Cafe Aroma 868,Cafe,Food,Darjeeling,Mall Road,892 INR,3.2,Cafe in Darjeeling with great experience
1533,Mountain Nest 52,Homestay,Stay,Darjeeling,Mall Road,3368 INR,4.4,Homestay in Darjeeling with great experience
1534,Toy Train Ride 911,Activity,Experience,Darjeeling,City Center,,4.3,Activity in Darjeeling with great experience
1535,Monastery 331,Attraction,Experience,Dooars,City Center,,3.7,Attraction in Dooars with great experience
1536,Mountain Brew 238,Cafe,Food,Dooars,Forest Area,386 INR,4.8,Cafe in Dooars with great experience
1537,Himalayan Dine 846,Restaurant,Food,Darjeeling,Hill View,498 INR,4.5,Restaurant in Darjeeling with great experience
1538,Hilltop Cafe 88,Cafe,Food,Lava,Hill View,204 INR,4.4,Cafe in Lava with great experience
1539,Pahari Homestay 249,Homestay,Stay,Darjeeling,Tea Garden,2967 INR,4.7,Homestay in Darjeeling with great experience
1540,Spice Route 631,Restaurant,Food,Darjeeling,Hill View,521 INR,3.1,Restaurant in Darjeeling with great experience
1541,Winter Hub 298,Clothing Store,Shopping,Kurseong,Forest Area,,3.8,Clothing Store in Kurseong with great experience
1542,Hill Stay Inn 479,Hotel,Stay,Kurseong,Tea Garden,1847 INR,3.9,Hotel in Kurseong with great experience
1543,Food Valley 847,Restaurant,Food,Darjeeling,Tea Garden,867 INR,3.2,Restaurant in Darjeeling with great experience
1544,Hotel Green View 508,Hotel,Stay,Mirik,Tea Garden,7147 INR,4.1,Hotel in Mirik with great experience
1545,Mountain Style 537,Clothing Store,Shopping,Dooars,Forest Area,,3.8,Clothing Store in Dooars with great experience
1546,Monastery 261,Attraction,Experience,Darjeeling,Mall Road,,4.5,Attraction in Darjeeling with great experience
1547,Luxury Hills Resort 8,Resort,Stay,Gangtok,MG Marg,2743 INR,4.7,Resort in Gangtok with great experience
1548,Peak Residency 778,Hotel,Stay,Gangtok,MG Marg,7603 INR,4.5,Hotel in Gangtok with great experience
1549,View Point 192,Attraction,Experience,Gangtok,Hill View,,3.8,Attraction in Gangtok with great experience
1550,Winter Hub 438,Clothing Store,Shopping,Darjeeling,Mall Road,,4.4,Clothing Store in Darjeeling with great experience
1551,Winter Hub 754,Clothing Store,Shopping,Kurseong,Mall Road,,3.0,Clothing Store in Kurseong with great experience
1552,Luxury Hills Resort 644,Resort,Stay,Kurseong,Forest Area,1833 INR,3.7,Resort in Kurseong with great experience
1553,Spice Route 993,Restaurant,Food,Mirik,Tea Garden,259 INR,4.7,Restaurant in Mirik with great experience
1554,Monastery 876,Attraction,Experience,Lava,Forest Area,,4.0,Attraction in Lava with great experience
1555,Waterfall 879,Attraction,Experience,Gangtok,Mall Road,,3.3,Attraction in Gangtok with great experience
1556,Cloud9 Cafe 994,Cafe,Food,Gangtok,MG Marg,195 INR,4.4,Cafe in Gangtok with great experience
1557,Lake 258,Attraction,Experience,Darjeeling,Mall Road,,3.8,Attraction in Darjeeling with great experience
1558,Luxury Hills Resort 621,Resort,Stay,Kurseong,Forest Area,2872 INR,3.4,Resort in Kurseong with great experience
1559,View Point 760,Attraction,Experience,Kurseong,Forest Area,,3.6,Attraction in Kurseong with great experience
1560,Safari 784,Activity,Experience,Dooars,Mall Road,,4.0,Activity in Dooars with great experience
1561,Toy Train Ride 43,Activity,Experience,Darjeeling,Hill View,,4.2,Activity in Darjeeling with great experience
1562,Himalayan Dine 308,Restaurant,Food,Kurseong,Tea Garden,166 INR,3.0,Restaurant in Kurseong with great experience
1563,Winter Hub 788,Clothing Store,Shopping,Darjeeling,Mall Road,,4.2,Clothing Store in Darjeeling with great experience
1564,Peak Residency 355,Hotel,Stay,Dooars,Forest Area,4113 INR,3.1,Hotel in Dooars with great experience
1565,Food Valley 822,Restaurant,Food,Darjeeling,Mall Road,176 INR,3.4,Restaurant in Darjeeling with great experience
1566,Spice Route 728,Restaurant,Food,Darjeeling,Mall Road,904 INR,4.6,Restaurant in Darjeeling with great experience
1567,Peak Residency 272,Hotel,Stay,Dooars,Tea Garden,6058 INR,4.7,Hotel in Dooars with great experience
1568,Toy Train Ride 998,Activity,Experience,Darjeeling,City Center,,3.9,Activity in Darjeeling with great experience
1569,Pahari Homestay 752,Homestay,Stay,Dooars,Forest Area,1192 INR,3.8,Homestay in Dooars with great experience
1570,Toy Train Ride 691,Activity,Experience,Darjeeling,Hill View,,3.7,Activity in Darjeeling with great experience
1571,Tea Garden Resort 343,Resort,Stay,Darjeeling,City Center,6228 INR,4.5,Resort in Darjeeling with great experience
1572,Tea Garden Resort 645,Resort,Stay,Dooars,Forest Area,7730 INR,4.1,Resort in Dooars with great experience
1573,View Point 943,Attraction,Experience,Darjeeling,Hill View,,4.8,Attraction in Darjeeling with great experience
1574,Safari 894,Activity,Experience,Dooars,Forest Area,,3.5,Activity in Dooars with great experience
1575,Forest Resort 6,Resort,Stay,Gangtok,Mall Road,2639 INR,4.0,Resort in Gangtok with great experience
1576,Sunrise Coffee 754,Cafe,Food,Darjeeling,Hill View,794 INR,3.9,Cafe in Darjeeling with great experience
1577,Waterfall 882,Attraction,Experience,Kalimpong,Forest Area,,4.7,Attraction in Kalimpong with great experience
1578,Valley View Stay 838,Homestay,Stay,Darjeeling,Mall Road,2874 INR,4.1,Homestay in Darjeeling with great experience
1579,Hilltop Cafe 456,Cafe,Food,Darjeeling,Tea Garden,411 INR,3.2,Cafe in Darjeeling with great experience
1580,Trekking 529,Activity,Experience,Kurseong,Mall Road,,3.5,Activity in Kurseong with great experience
1581,Luxury Hills Resort 533,Resort,Stay,Gangtok,MG Marg,3427 INR,4.0,Resort in Gangtok with great experience
1582,Luxury Hills Resort 434,Resort,Stay,Dooars,Forest Area,1940 INR,4.6,Resort in Dooars with great experience
1583,Himalayan Wear 889,Clothing Store,Shopping,Darjeeling,Tea Garden,,3.9,Clothing Store in Darjeeling with great experience
1584,Taste of Hills 86,Restaurant,Food,Dooars,Forest Area,130 INR,3.7,Restaurant in Dooars with great experience
1585,Waterfall 539,Attraction,Experience,Kalimpong,Mall Road,,3.6,Attraction in Kalimpong with great experience
1586,Tea Garden Resort 685,Resort,Stay,Gangtok,MG Marg,7212 INR,3.7,Resort in Gangtok with great experience
1587,Food Valley 207,Restaurant,Food,Gangtok,City Center,361 INR,4.4,Restaurant in Gangtok with great experience
1588,Boating 696,Activity,Experience,Mirik,Forest Area,,3.6,Activity in Mirik with great experience
1589,View Point 125,Attraction,Experience,Kalimpong,City Center,,3.7,Attraction in Kalimpong with great experience
1590,Winter Hub 893,Clothing Store,Shopping,Kurseong,City Center,,3.5,Clothing Store in Kurseong with great experience
1591,Pahari Homestay 806,Homestay,Stay,Darjeeling,Tea Garden,2777 INR,4.7,Homestay in Darjeeling with great experience
1592,Luxury Hills Resort 637,Resort,Stay,Darjeeling,Mall Road,2978 INR,3.3,Resort in Darjeeling with great experience
1593,Safari 494,Activity,Experience,Dooars,City Center,,3.6,Activity in Dooars with great experience
1594,Waterfall 671,Attraction,Experience,Kurseong,City Center,,4.7,Attraction in Kurseong with great experience
1595,Lake 218,Attraction,Experience,Kurseong,City Center,,4.0,Attraction in Kurseong with great experience
1596,Toy Train Ride 244,Activity,Experience,Darjeeling,Hill View,,4.9,Activity in Darjeeling with great experience
1597,Sunrise Coffee 915,Cafe,Food,Lava,Forest Area,408 INR,4.6,Cafe in Lava with great experience
1598,Himalayan Wear 610,Clothing Store,Shopping,Mirik,Tea Garden,,3.4,Clothing Store in Mirik with great experience
1599,Sunrise Coffee 198,Cafe,Food,Kurseong,City Center,235 INR,4.2,Cafe in Kurseong with great experience
1600,Mountain Style 330,Clothing Store,Shopping,Darjeeling,Tea Garden,,3.6,Clothing Store in Darjeeling with great experience
1601,Hilltop Cafe 834,Cafe,Food,Lava,Forest Area,467 INR,4.7,Cafe in Lava with great experience
1602,Pahari Homestay 697,Homestay,Stay,Gangtok,City Center,893 INR,3.1,Homestay in Gangtok with great experience
1603,Mountain Nest 254,Homestay,Stay,Kurseong,City Center,7558 INR,4.5,Homestay in Kurseong with great experience
1604,Himalayan Dine 21,Restaurant,Food,Darjeeling,Tea Garden,382 INR,4.7,Restaurant in Darjeeling with great experience
1605,Winter Hub 356,Clothing Store,Shopping,Darjeeling,Hill View,,3.6,Clothing Store in Darjeeling with great experience
1606,Toy Train Ride 277,Activity,Experience,Darjeeling,City Center,,4.5,Activity in Darjeeling with great experience
1607,Waterfall 855,Attraction,Experience,Darjeeling,Tea Garden,,4.9,Attraction in Darjeeling with great experience
1608,Food Valley 749,Restaurant,Food,Darjeeling,Forest Area,635 INR,4.5,Restaurant in Darjeeling with great experience
1609,Luxury Hills Resort 403,Resort,Stay,Lava,Hill View,4298 INR,4.5,Resort in Lava with great experience
1610,Peak Residency 616,Hotel,Stay,Kalimpong,Forest Area,5176 INR,4.0,Hotel in Kalimpong with great experience
1611,Safari 257,Activity,Experience,Dooars,Forest Area,,4.2,Activity in Dooars with great experience
1612,Sunrise Coffee 475,Cafe,Food,Dooars,Forest Area,175 INR,3.7,Cafe in Dooars with great experience
1613,Toy Train Ride 217,Activity,Experience,Darjeeling,Tea Garden,,3.5,Activity in Darjeeling with great experience
1614,Waterfall 580,Attraction,Experience,Dooars,Forest Area,,3.4,Attraction in Dooars with great experience
1615,Mountain Style 331,Clothing Store,Shopping,Darjeeling,City Center,,3.3,Clothing Store in Darjeeling with great experience
1616,Valley View Stay 291,Homestay,Stay,Kalimpong,Hill View,5687 INR,4.4,Homestay in Kalimpong with great experience
1617,Mountain Nest 126,Homestay,Stay,Dooars,Tea Garden,2418 INR,4.4,Homestay in Dooars with great experience
1618,Mountain Brew 827,Cafe,Food,Darjeeling,Tea Garden,535 INR,4.3,Cafe in Darjeeling with great experience
1619,Himalayan Wear 770,Clothing Store,Shopping,Kurseong,Mall Road,,4.8,Clothing Store in Kurseong with great experience
1620,Mountain Style 932,Clothing Store,Shopping,Darjeeling,Tea Garden,,3.2,Clothing Store in Darjeeling with great experience
1621,Peak Residency 639,Hotel,Stay,Darjeeling,Forest Area,6142 INR,4.8,Hotel in Darjeeling with great experience
1622,Mountain Style 94,Clothing Store,Shopping,Gangtok,MG Marg,,3.9,Clothing Store in Gangtok with great experience
1623,Lake 963,Attraction,Experience,Darjeeling,Hill View,,3.1,Attraction in Darjeeling with great experience
1624,Himalayan Dine 35,Restaurant,Food,Kalimpong,Hill View,859 INR,4.5,Restaurant in Kalimpong with great experience
1625,Tea Garden Resort 578,Resort,Stay,Kalimpong,Forest Area,3969 INR,3.7,Resort in Kalimpong with great experience
1626,Spice Route 243,Restaurant,Food,Darjeeling,City Center,670 INR,4.2,Restaurant in Darjeeling with great experience
1627,View Point 420,Attraction,Experience,Darjeeling,Hill View,,4.9,Attraction in Darjeeling with great experience
1628,Lake 721,Attraction,Experience,Dooars,City Center,,5.0,Attraction in Dooars with great experience
1629,Sunrise Coffee 449,Cafe,Food,Darjeeling,Hill View,646 INR,4.9,Cafe in Darjeeling with great experience
1630,Boating 419,Activity,Experience,Mirik,Mall Road,,4.6,Activity in Mirik with great experience
1631,Food Valley 780,Restaurant,Food,Darjeeling,Mall Road,674 INR,4.7,Restaurant in Darjeeling with great experience
1632,Pahari Homestay 552,Homestay,Stay,Kurseong,Tea Garden,6188 INR,3.9,Homestay in Kurseong with great experience
1633,Pahari Homestay 945,Homestay,Stay,Gangtok,MG Marg,4547 INR,3.6,Homestay in Gangtok with great experience
1634,Tea Garden Resort 170,Resort,Stay,Dooars,Forest Area,5546 INR,3.1,Resort in Dooars with great experience
1635,Hotel Green View 198,Hotel,Stay,Kurseong,Tea Garden,2855 INR,4.1,Hotel in Kurseong with great experience
1636,Tea Garden Resort 524,Resort,Stay,Kalimpong,Forest Area,2302 INR,4.9,Resort in Kalimpong with great experience
1637,Himalayan Dine 230,Restaurant,Food,Gangtok,Hill View,390 INR,4.4,Restaurant in Gangtok with great experience
1638,Forest Resort 852,Resort,Stay,Kalimpong,City Center,3601 INR,4.4,Resort in Kalimpong with great experience
1639,Luxury Hills Resort 446,Resort,Stay,Mirik,Hill View,2952 INR,3.6,Resort in Mirik with great experience
1640,View Point 965,Attraction,Experience,Darjeeling,Hill View,,3.7,Attraction in Darjeeling with great experience
1641,Luxury Hills Resort 629,Resort,Stay,Darjeeling,Mall Road,2088 INR,4.1,Resort in Darjeeling with great experience
1642,Mountain Nest 241,Homestay,Stay,Gangtok,Hill View,6341 INR,4.9,Homestay in Gangtok with great experience
1643,Luxury Hills Resort 6,Resort,Stay,Gangtok,MG Marg,5635 INR,4.6,Resort in Gangtok with great experience
1644,Winter Hub 391,Clothing Store,Shopping,Gangtok,MG Marg,,4.2,Clothing Store in Gangtok with great experience
1645,Valley View Stay 154,Homestay,Stay,Dooars,Forest Area,5567 INR,4.7,Homestay in Dooars with great experience
1646,Tea Garden Resort 524,Resort,Stay,Lava,City Center,3006 INR,4.4,Resort in Lava with great experience
1647,Hotel Green View 356,Hotel,Stay,Dooars,City Center,3446 INR,4.1,Hotel in Dooars with great experience
1648,Spice Route 663,Restaurant,Food,Kurseong,Forest Area,733 INR,3.3,Restaurant in Kurseong with great experience
1649,Luxury Hills Resort 440,Resort,Stay,Dooars,Tea Garden,2669 INR,4.0,Resort in Dooars with great experience
1650,Skyline Hotel 298,Hotel,Stay,Gangtok,City Center,7111 INR,3.9,Hotel in Gangtok with great experience
1651,Mountain Brew 825,Cafe,Food,Kalimpong,Mall Road,892 INR,4.0,Cafe in Kalimpong with great experience
1652,Mountain Nest 838,Homestay,Stay,Gangtok,MG Marg,7753 INR,3.2,Homestay in Gangtok with great experience
1653,Peak Residency 400,Hotel,Stay,Darjeeling,Tea Garden,4542 INR,4.8,Hotel in Darjeeling with great experience
1654,Trekking 101,Activity,Experience,Kalimpong,City Center,,3.3,Activity in Kalimpong with great experience
1655,Pahari Homestay 639,Homestay,Stay,Gangtok,MG Marg,7776 INR,4.5,Homestay in Gangtok with great experience
1656,Tea Garden Resort 776,Resort,Stay,Gangtok,MG Marg,6925 INR,4.2,Resort in Gangtok with great experience
1657,Trekking 718,Activity,Experience,Kurseong,Mall Road,,3.5,Activity in Kurseong with great experience
1658,Boating 440,Activity,Experience,Mirik,City Center,,3.7,Activity in Mirik with great experience
1659,Mountain Style 540,Clothing Store,Shopping,Gangtok,MG Marg,,4.6,Clothing Store in Gangtok with great experience
1660,Peak Residency 772,Hotel,Stay,Kalimpong,Forest Area,6801 INR,3.6,Hotel in Kalimpong with great experience
1661,Spice Route 675,Restaurant,Food,Gangtok,MG Marg,697 INR,4.6,Restaurant in Gangtok with great experience
1662,Skyline Hotel 228,Hotel,Stay,Darjeeling,Forest Area,2518 INR,3.1,Hotel in Darjeeling with great experience
1663,Monastery 890,Attraction,Experience,Kalimpong,Hill View,,3.2,Attraction in Kalimpong with great experience
1664,Himalayan Wear 130,Clothing Store,Shopping,Darjeeling,Hill View,,4.3,Clothing Store in Darjeeling with great experience
1665,Mountain Style 206,Clothing Store,Shopping,Kalimpong,Hill View,,3.3,Clothing Store in Kalimpong with great experience
1666,Pahari Homestay 99,Homestay,Stay,Darjeeling,City Center,2670 INR,4.7,Homestay in Darjeeling with great experience
1667,Spice Route 486,Restaurant,Food,Kurseong,Hill View,777 INR,4.0,Restaurant in Kurseong with great experience
1668,Hilltop Cafe 814,Cafe,Food,Darjeeling,Tea Garden,592 INR,4.2,Cafe in Darjeeling with great experience
1669,Cloud9 Cafe 643,Cafe,Food,Kurseong,Hill View,522 INR,3.4,Cafe in Kurseong with great experience
1670,Skyline Hotel 986,Hotel,Stay,Kurseong,Forest Area,2563 INR,4.4,Hotel in Kurseong with great experience
1671,Waterfall 297,Attraction,Experience,Gangtok,MG Marg,,3.1,Attraction in Gangtok with great experience
1672,Winter Hub 115,Clothing Store,Shopping,Lava,City Center,,4.0,Clothing Store in Lava with great experience
1673,Winter Hub 706,Clothing Store,Shopping,Darjeeling,Tea Garden,,3.8,Clothing Store in Darjeeling with great experience
1674,Tea Garden Resort 54,Resort,Stay,Gangtok,MG Marg,5130 INR,3.9,Resort in Gangtok with great experience
1675,Valley View Stay 78,Homestay,Stay,Mirik,Hill View,3267 INR,4.0,Homestay in Mirik with great experience
1676,Pahari Homestay 304,Homestay,Stay,Gangtok,Hill View,1848 INR,4.5,Homestay in Gangtok with great experience
1677,Toy Train Ride 927,Activity,Experience,Darjeeling,Tea Garden,,4.7,Activity in Darjeeling with great experience
1678,Mountain Style 444,Clothing Store,Shopping,Darjeeling,Tea Garden,,4.7,Clothing Store in Darjeeling with great experience
1679,Mountain Style 134,Clothing Store,Shopping,Kurseong,Hill View,,4.0,Clothing Store in Kurseong with great experience
1680,Peak Residency 880,Hotel,Stay,Kurseong,Mall Road,3907 INR,4.2,Hotel in Kurseong with great experience
1681,Pahari Homestay 542,Homestay,Stay,Kalimpong,Mall Road,1408 INR,4.7,Homestay in Kalimpong with great experience
1682,Lake 580,Attraction,Experience,Gangtok,MG Marg,,4.2,Attraction in Gangtok with great experience
1683,Food Valley 382,Restaurant,Food,Darjeeling,Mall Road,702 INR,3.4,Restaurant in Darjeeling with great experience
1684,Lake 676,Attraction,Experience,Mirik,Tea Garden,,3.3,Attraction in Mirik with great experience
1685,Tea Garden Resort 602,Resort,Stay,Mirik,Hill View,6925 INR,3.9,Resort in Mirik with great experience
1686,Pahari Homestay 920,Homestay,Stay,Gangtok,MG Marg,7199 INR,4.1,Homestay in Gangtok with great experience
1687,Taste of Hills 672,Restaurant,Food,Lava,Hill View,701 INR,4.2,Restaurant in Lava with great experience
1688,Himalayan Wear 464,Clothing Store,Shopping,Darjeeling,Mall Road,,4.3,Clothing Store in Darjeeling with great experience
1689,Toy Train Ride 784,Activity,Experience,Darjeeling,Mall Road,,4.2,Activity in Darjeeling with great experience
1690,Sunrise Coffee 410,Cafe,Food,Darjeeling,Mall Road,766 INR,3.3,Cafe in Darjeeling with great experience
1691,Valley View Stay 49,Homestay,Stay,Darjeeling,Tea Garden,898 INR,4.2,Homestay in Darjeeling with great experience
1692,Valley View Stay 111,Homestay,Stay,Mirik,City Center,7940 INR,3.7,Homestay in Mirik with great experience
1693,Himalayan Dine 412,Restaurant,Food,Gangtok,MG Marg,310 INR,3.3,Restaurant in Gangtok with great experience
1694,Mountain Style 357,Clothing Store,Shopping,Kurseong,City Center,,4.8,Clothing Store in Kurseong with great experience
1695,Valley View Stay 657,Homestay,Stay,Mirik,Hill View,2582 INR,3.6,Homestay in Mirik with great experience
1696,Monastery 310,Attraction,Experience,Gangtok,MG Marg,,3.5,Attraction in Gangtok with great experience
1697,Toy Train Ride 625,Activity,Experience,Darjeeling,Hill View,,3.1,Activity in Darjeeling with great experience
1698,Safari 591,Activity,Experience,Dooars,City Center,,3.7,Activity in Dooars with great experience
1699,Mountain Style 125,Clothing Store,Shopping,Mirik,Hill View,,3.7,Clothing Store in Mirik with great experience
1700,Hilltop Cafe 285,Cafe,Food,Dooars,Forest Area,817 INR,4.6,Cafe in Dooars with great experience
1701,Taste of Hills 593,Restaurant,Food,Darjeeling,Forest Area,403 INR,5.0,Restaurant in Darjeeling with great experience
1702,Luxury Hills Resort 642,Resort,Stay,Kurseong,Forest Area,1426 INR,3.2,Resort in Kurseong with great experience
1703,Cafe Aroma 131,Cafe,Food,Darjeeling,Hill View,631 INR,4.0,Cafe in Darjeeling with great experience
1704,Tea Garden Resort 556,Resort,Stay,Darjeeling,City Center,1631 INR,4.1,Resort in Darjeeling with great experience
1705,Himalayan Wear 954,Clothing Store,Shopping,Kalimpong,Forest Area,,4.8,Clothing Store in Kalimpong with great experience
1706,Himalayan Dine 104,Restaurant,Food,Dooars,Tea Garden,549 INR,3.7,Restaurant in Dooars with great experience
1707,Cloud9 Cafe 975,Cafe,Food,Gangtok,Mall Road,515 INR,3.4,Cafe in Gangtok with great experience
1708,Peak Residency 327,Hotel,Stay,Gangtok,MG Marg,6058 INR,3.1,Hotel in Gangtok with great experience
1709,Himalayan Wear 434,Clothing Store,Shopping,Dooars,Forest Area,,4.4,Clothing Store in Dooars with great experience
1710,Luxury Hills Resort 681,Resort,Stay,Kurseong,Mall Road,2030 INR,3.6,Resort in Kurseong with great experience
1711,Valley View Stay 19,Homestay,Stay,Gangtok,MG Marg,4016 INR,4.5,Homestay in Gangtok with great experience
1712,Skyline Hotel 158,Hotel,Stay,Kurseong,Tea Garden,7406 INR,3.5,Hotel in Kurseong with great experience
1713,Trekking 851,Activity,Experience,Kurseong,Mall Road,,4.0,Activity in Kurseong with great experience
1714,Forest Resort 695,Resort,Stay,Kurseong,Mall Road,3984 INR,4.1,Resort in Kurseong with great experience
1715,Trekking 249,Activity,Experience,Dooars,Forest Area,,4.3,Activity in Dooars with great experience
1716,Winter Hub 322,Clothing Store,Shopping,Kalimpong,Mall Road,,3.4,Clothing Store in Kalimpong with great experience
1717,Monastery 32,Attraction,Experience,Darjeeling,City Center,,4.9,Attraction in Darjeeling with great experience
1718,Mountain Style 582,Clothing Store,Shopping,Gangtok,MG Marg,,4.9,Clothing Store in Gangtok with great experience
1719,Valley View Stay 947,Homestay,Stay,Kurseong,Hill View,7835 INR,3.4,Homestay in Kurseong with great experience
1720,Hotel Green View 882,Hotel,Stay,Kurseong,Tea Garden,7926 INR,4.9,Hotel in Kurseong with great experience
1721,Forest Resort 766,Resort,Stay,Mirik,Hill View,6229 INR,3.4,Resort in Mirik with great experience
1722,Luxury Hills Resort 52,Resort,Stay,Dooars,City Center,2561 INR,3.6,Resort in Dooars with great experience
1723,Mountain Style 42,Clothing Store,Shopping,Darjeeling,Hill View,,4.6,Clothing Store in Darjeeling with great experience
1724,Lake 875,Attraction,Experience,Lava,Forest Area,,4.2,Attraction in Lava with great experience
1725,Valley View Stay 521,Homestay,Stay,Gangtok,MG Marg,5202 INR,4.0,Homestay in Gangtok with great experience
1726,Waterfall 648,Attraction,Experience,Darjeeling,Mall Road,,4.7,Attraction in Darjeeling with great experience
1727,Mountain Nest 233,Homestay,Stay,Kurseong,Mall Road,4110 INR,3.8,Homestay in Kurseong with great experience
1728,Safari 500,Activity,Experience,Dooars,Hill View,,3.7,Activity in Dooars with great experience
1729,Winter Hub 169,Clothing Store,Shopping,Kurseong,Forest Area,,3.4,Clothing Store in Kurseong with great experience
1730,Waterfall 126,Attraction,Experience,Kurseong,Hill View,,3.5,Attraction in Kurseong with great experience
1731,Hill Stay Inn 965,Hotel,Stay,Kalimpong,Hill View,6729 INR,3.8,Hotel in Kalimpong with great experience
1732,Toy Train Ride 740,Activity,Experience,Darjeeling,Forest Area,,4.4,Activity in Darjeeling with great experience
1733,Hotel Green View 119,Hotel,Stay,Mirik,Hill View,1897 INR,4.7,Hotel in Mirik with great experience
1734,Food Valley 510,Restaurant,Food,Gangtok,Hill View,505 INR,4.4,Restaurant in Gangtok with great experience
1735,Valley View Stay 545,Homestay,Stay,Gangtok,MG Marg,4339 INR,3.7,Homestay in Gangtok with great experience
1736,Forest Resort 604,Resort,Stay,Darjeeling,Mall Road,7794 INR,3.5,Resort in Darjeeling with great experience
1737,Skyline Hotel 658,Hotel,Stay,Darjeeling,Mall Road,7278 INR,4.4,Hotel in Darjeeling with great experience
1738,Food Valley 2,Restaurant,Food,Gangtok,MG Marg,382 INR,3.4,Restaurant in Gangtok with great experience
1739,Mountain Style 154,Clothing Store,Shopping,Kalimpong,Mall Road,,3.1,Clothing Store in Kalimpong with great experience
1740,Mountain Style 349,Clothing Store,Shopping,Gangtok,City Center,,4.2,Clothing Store in Gangtok with great experience
1741,Valley View Stay 929,Homestay,Stay,Darjeeling,Forest Area,7702 INR,4.7,Homestay in Darjeeling with great experience
1742,Pahari Homestay 513,Homestay,Stay,Darjeeling,City Center,3700 INR,4.0,Homestay in Darjeeling with great experience
1743,Waterfall 125,Attraction,Experience,Kalimpong,Mall Road,,4.4,Attraction in Kalimpong with great experience
1744,View Point 73,Attraction,Experience,Dooars,Forest Area,,4.7,Attraction in Dooars with great experience
1745,Cloud9 Cafe 602,Cafe,Food,Darjeeling,Tea Garden,413 INR,3.9,Cafe in Darjeeling with great experience
1746,Food Valley 827,Restaurant,Food,Kalimpong,City Center,714 INR,4.0,Restaurant in Kalimpong with great experience
1747,Mountain Style 660,Clothing Store,Shopping,Kurseong,City Center,,4.9,Clothing Store in Kurseong with great experience
1748,Winter Hub 682,Clothing Store,Shopping,Darjeeling,Tea Garden,,3.3,Clothing Store in Darjeeling with great experience
1749,Sunrise Coffee 488,Cafe,Food,Lava,City Center,722 INR,3.7,Cafe in Lava with great experience
1750,Mountain Nest 337,Homestay,Stay,Gangtok,MG Marg,4453 INR,3.8,Homestay in Gangtok with great experience
1751,Tea Garden Resort 2,Resort,Stay,Darjeeling,Tea Garden,3838 INR,5.0,Resort in Darjeeling with great experience
1752,Spice Route 249,Restaurant,Food,Gangtok,MG Marg,742 INR,4.5,Restaurant in Gangtok with great experience
1753,Himalayan Wear 248,Clothing Store,Shopping,Darjeeling,Mall Road,,3.8,Clothing Store in Darjeeling with great experience
1754,Mountain Brew 538,Cafe,Food,Darjeeling,Mall Road,698 INR,4.0,Cafe in Darjeeling with great experience
1755,Forest Resort 593,Resort,Stay,Mirik,Hill View,6523 INR,4.0,Resort in Mirik with great experience
1756,Skyline Hotel 859,Hotel,Stay,Kalimpong,Hill View,2281 INR,4.7,Hotel in Kalimpong with great experience
1757,View Point 33,Attraction,Experience,Gangtok,MG Marg,,4.5,Attraction in Gangtok with great experience
1758,Hill Stay Inn 788,Hotel,Stay,Darjeeling,Mall Road,6234 INR,4.2,Hotel in Darjeeling with great experience
1759,Taste of Hills 727,Restaurant,Food,Gangtok,MG Marg,841 INR,3.6,Restaurant in Gangtok with great experience
1760,Pahari Homestay 621,Homestay,Stay,Gangtok,MG Marg,7626 INR,3.7,Homestay in Gangtok with great experience
1761,Cloud9 Cafe 757,Cafe,Food,Kurseong,Hill View,333 INR,4.1,Cafe in Kurseong with great experience
1762,Safari 887,Activity,Experience,Dooars,City Center,,3.3,Activity in Dooars with great experience
1763,Tea Garden Resort 868,Resort,Stay,Darjeeling,Mall Road,2485 INR,4.7,Resort in Darjeeling with great experience
1764,Tea Garden Resort 654,Resort,Stay,Darjeeling,Mall Road,7409 INR,3.9,Resort in Darjeeling with great experience
1765,Mountain Brew 599,Cafe,Food,Kurseong,City Center,408 INR,3.8,Cafe in Kurseong with great experience
1766,Tea Garden Resort 195,Resort,Stay,Darjeeling,Tea Garden,3854 INR,4.4,Resort in Darjeeling with great experience
1767,Mountain Style 828,Clothing Store,Shopping,Gangtok,MG Marg,,3.0,Clothing Store in Gangtok with great experience
1768,Taste of Hills 805,Restaurant,Food,Gangtok,City Center,155 INR,3.9,Restaurant in Gangtok with great experience
1769,Hill Stay Inn 159,Hotel,Stay,Darjeeling,Mall Road,6492 INR,4.8,Hotel in Darjeeling with great experience
1770,Forest Resort 948,Resort,Stay,Darjeeling,Mall Road,5605 INR,3.2,Resort in Darjeeling with great experience
1771,Monastery 707,Attraction,Experience,Gangtok,MG Marg,,4.1,Attraction in Gangtok with great experience
1772,Hill Stay Inn 393,Hotel,Stay,Darjeeling,Tea Garden,5915 INR,4.7,Hotel in Darjeeling with great experience
1773,View Point 940,Attraction,Experience,Gangtok,MG Marg,,4.2,Attraction in Gangtok with great experience
1774,Himalayan Dine 396,Restaurant,Food,Kalimpong,Forest Area,438 INR,3.1,Restaurant in Kalimpong with great experience
1775,Mountain Style 15,Clothing Store,Shopping,Darjeeling,Tea Garden,,3.7,Clothing Store in Darjeeling with great experience
1776,Mountain Nest 597,Homestay,Stay,Dooars,Forest Area,5111 INR,3.5,Homestay in Dooars with great experience
1777,Pahari Homestay 308,Homestay,Stay,Mirik,Tea Garden,5165 INR,3.9,Homestay in Mirik with great experience
1778,Valley View Stay 459,Homestay,Stay,Dooars,Tea Garden,3133 INR,4.4,Homestay in Dooars with great experience
1779,Hotel Green View 924,Hotel,Stay,Dooars,Forest Area,1470 INR,4.8,Hotel in Dooars with great experience
1780,Lake 354,Attraction,Experience,Kurseong,Tea Garden,,4.7,Attraction in Kurseong with great experience
1781,Spice Route 70,Restaurant,Food,Gangtok,MG Marg,504 INR,4.5,Restaurant in Gangtok with great experience
1782,Tea Garden Resort 316,Resort,Stay,Darjeeling,Tea Garden,1062 INR,4.7,Resort in Darjeeling with great experience
1783,Hill Stay Inn 824,Hotel,Stay,Kurseong,Tea Garden,7268 INR,3.5,Hotel in Kurseong with great experience
1784,Sunrise Coffee 885,Cafe,Food,Gangtok,MG Marg,861 INR,3.4,Cafe in Gangtok with great experience
1785,Skyline Hotel 573,Hotel,Stay,Dooars,City Center,4370 INR,5.0,Hotel in Dooars with great experience
1786,Hotel Green View 8,Hotel,Stay,Gangtok,MG Marg,2171 INR,3.2,Hotel in Gangtok with great experience
1787,Mountain Brew 327,Cafe,Food,Gangtok,MG Marg,387 INR,3.2,Cafe in Gangtok with great experience
1788,Peak Residency 502,Hotel,Stay,Lava,City Center,7221 INR,3.7,Hotel in Lava with great experience
1789,Mountain Style 318,Clothing Store,Shopping,Gangtok,MG Marg,,3.2,Clothing Store in Gangtok with great experience
1790,Waterfall 947,Attraction,Experience,Kalimpong,Forest Area,,3.0,Attraction in Kalimpong with great experience
1791,Taste of Hills 445,Restaurant,Food,Darjeeling,Mall Road,609 INR,3.8,Restaurant in Darjeeling with great experience
1792,Hotel Green View 861,Hotel,Stay,Dooars,Forest Area,7186 INR,3.9,Hotel in Dooars with great experience
1793,Toy Train Ride 759,Activity,Experience,Darjeeling,City Center,,3.7,Activity in Darjeeling with great experience
1794,Valley View Stay 601,Homestay,Stay,Lava,City Center,5556 INR,3.7,Homestay in Lava with great experience
1795,Tea Garden Resort 896,Resort,Stay,Darjeeling,Forest Area,3679 INR,5.0,Resort in Darjeeling with great experience
1796,Pahari Homestay 319,Homestay,Stay,Kurseong,City Center,3503 INR,4.9,Homestay in Kurseong with great experience
1797,Valley View Stay 34,Homestay,Stay,Darjeeling,Mall Road,4360 INR,5.0,Homestay in Darjeeling with great experience
1798,Boating 67,Activity,Experience,Mirik,Mall Road,,4.3,Activity in Mirik with great experience
1799,Himalayan Wear 897,Clothing Store,Shopping,Gangtok,MG Marg,,3.8,Clothing Store in Gangtok with great experience
1800,Himalayan Dine 535,Restaurant,Food,Mirik,Tea Garden,648 INR,3.2,Restaurant in Mirik with great experience
1801,Himalayan Wear 627,Clothing Store,Shopping,Lava,Forest Area,,4.4,Clothing Store in Lava with great experience
1802,Luxury Hills Resort 395,Resort,Stay,Kalimpong,Forest Area,5084 INR,3.6,Resort in Kalimpong with great experience
1803,Mountain Nest 256,Homestay,Stay,Dooars,Forest Area,3881 INR,3.1,Homestay in Dooars with great experience
1804,Safari 294,Activity,Experience,Dooars,Hill View,,4.9,Activity in Dooars with great experience
1805,Trekking 678,Activity,Experience,Kurseong,Hill View,,4.4,Activity in Kurseong with great experience
1806,Himalayan Wear 900,Clothing Store,Shopping,Darjeeling,Mall Road,,3.4,Clothing Store in Darjeeling with great experience
1807,Toy Train Ride 585,Activity,Experience,Darjeeling,Forest Area,,4.5,Activity in Darjeeling with great experience
1808,Cafe Aroma 500,Cafe,Food,Darjeeling,City Center,537 INR,4.8,Cafe in Darjeeling with great experience
1809,View Point 549,Attraction,Experience,Darjeeling,Mall Road,,3.9,Attraction in Darjeeling with great experience
1810,Taste of Hills 65,Restaurant,Food,Dooars,City Center,483 INR,4.3,Restaurant in Dooars with great experience
1811,Winter Hub 455,Clothing Store,Shopping,Mirik,City Center,,4.4,Clothing Store in Mirik with great experience
1812,Forest Resort 413,Resort,Stay,Kurseong,City Center,2791 INR,4.0,Resort in Kurseong with great experience
1813,Pahari Homestay 604,Homestay,Stay,Mirik,Tea Garden,1699 INR,3.2,Homestay in Mirik with great experience
1814,Cafe Aroma 482,Cafe,Food,Lava,Hill View,809 INR,4.5,Cafe in Lava with great experience
1815,Forest Resort 800,Resort,Stay,Darjeeling,Tea Garden,1910 INR,3.0,Resort in Darjeeling with great experience
1816,Mountain Nest 792,Homestay,Stay,Gangtok,MG Marg,5404 INR,4.2,Homestay in Gangtok with great experience
1817,Tea Garden Resort 738,Resort,Stay,Dooars,Tea Garden,7509 INR,4.2,Resort in Dooars with great experience
1818,Himalayan Dine 17,Restaurant,Food,Gangtok,MG Marg,482 INR,3.1,Restaurant in Gangtok with great experience
1819,Peak Residency 59,Hotel,Stay,Dooars,City Center,1583 INR,3.9,Hotel in Dooars with great experience
1820,Luxury Hills Resort 923,Resort,Stay,Darjeeling,Hill View,3253 INR,3.6,Resort in Darjeeling with great experience
1821,Monastery 957,Attraction,Experience,Kurseong,Tea Garden,,3.3,Attraction in Kurseong with great experience
1822,Mountain Nest 224,Homestay,Stay,Lava,City Center,6588 INR,3.3,Homestay in Lava with great experience
1823,Luxury Hills Resort 894,Resort,Stay,Mirik,City Center,2325 INR,3.3,Resort in Mirik with great experience
1824,Monastery 836,Attraction,Experience,Darjeeling,Mall Road,,3.9,Attraction in Darjeeling with great experience
1825,Luxury Hills Resort 538,Resort,Stay,Darjeeling,City Center,878 INR,3.2,Resort in Darjeeling with great experience
1826,Winter Hub 826,Clothing Store,Shopping,Mirik,Tea Garden,,4.4,Clothing Store in Mirik with great experience
1827,Peak Residency 699,Hotel,Stay,Darjeeling,Tea Garden,4324 INR,4.2,Hotel in Darjeeling with great experience
1828,Hill Stay Inn 771,Hotel,Stay,Lava,Forest Area,1603 INR,3.7,Hotel in Lava with great experience
1829,Food Valley 663,Restaurant,Food,Dooars,Tea Garden,865 INR,3.2,Restaurant in Dooars with great experience
1830,Boating 139,Activity,Experience,Mirik,Tea Garden,,4.0,Activity in Mirik with great experience
1831,Cloud9 Cafe 734,Cafe,Food,Darjeeling,Hill View,459 INR,3.4,Cafe in Darjeeling with great experience
1832,Trekking 101,Activity,Experience,Darjeeling,Mall Road,,4.5,Activity in Darjeeling with great experience
1833,View Point 55,Attraction,Experience,Gangtok,MG Marg,,4.0,Attraction in Gangtok with great experience
1834,Mountain Nest 346,Homestay,Stay,Kurseong,Mall Road,7580 INR,3.9,Homestay in Kurseong with great experience
1835,Peak Residency 610,Hotel,Stay,Lava,Forest Area,3111 INR,4.1,Hotel in Lava with great experience
1836,Lake 936,Attraction,Experience,Gangtok,City Center,,4.6,Attraction in Gangtok with great experience
1837,Himalayan Dine 796,Restaurant,Food,Gangtok,MG Marg,187 INR,3.3,Restaurant in Gangtok with great experience
1838,Cloud9 Cafe 412,Cafe,Food,Darjeeling,City Center,899 INR,4.1,Cafe in Darjeeling with great experience
1839,Boating 635,Activity,Experience,Mirik,Mall Road,,3.0,Activity in Mirik with great experience
1840,Taste of Hills 150,Restaurant,Food,Mirik,Tea Garden,835 INR,3.8,Restaurant in Mirik with great experience
1841,Luxury Hills Resort 3,Resort,Stay,Darjeeling,Mall Road,3530 INR,4.7,Resort in Darjeeling with great experience
1842,Luxury Hills Resort 868,Resort,Stay,Kalimpong,City Center,4372 INR,4.8,Resort in Kalimpong with great experience
1843,Hotel Green View 173,Hotel,Stay,Kurseong,Hill View,5682 INR,3.5,Hotel in Kurseong with great experience
1844,Peak Residency 78,Hotel,Stay,Gangtok,City Center,2205 INR,4.0,Hotel in Gangtok with great experience
1845,Boating 175,Activity,Experience,Mirik,Mall Road,,4.4,Activity in Mirik with great experience
1846,Boating 788,Activity,Experience,Mirik,Tea Garden,,3.9,Activity in Mirik with great experience
1847,Monastery 677,Attraction,Experience,Gangtok,MG Marg,,4.8,Attraction in Gangtok with great experience
1848,Luxury Hills Resort 746,Resort,Stay,Kurseong,Forest Area,5079 INR,3.3,Resort in Kurseong with great experience
1849,Forest Resort 513,Resort,Stay,Darjeeling,Forest Area,1324 INR,4.5,Resort in Darjeeling with great experience
1850,Waterfall 46,Attraction,Experience,Dooars,Forest Area,,3.8,Attraction in Dooars with great experience
1851,Valley View Stay 188,Homestay,Stay,Kalimpong,City Center,4139 INR,4.7,Homestay in Kalimpong with great experience
1852,Mountain Brew 289,Cafe,Food,Kurseong,Mall Road,989 INR,4.1,Cafe in Kurseong with great experience
1853,Toy Train Ride 680,Activity,Experience,Darjeeling,Tea Garden,,3.3,Activity in Darjeeling with great experience
1854,Hotel Green View 267,Hotel,Stay,Darjeeling,Forest Area,5857 INR,3.6,Hotel in Darjeeling with great experience
1855,Trekking 283,Activity,Experience,Gangtok,MG Marg,,4.1,Activity in Gangtok with great experience
1856,Boating 726,Activity,Experience,Mirik,Tea Garden,,3.4,Activity in Mirik with great experience
1857,Cloud9 Cafe 531,Cafe,Food,Dooars,Tea Garden,311 INR,4.3,Cafe in Dooars with great experience
1858,Valley View Stay 633,Homestay,Stay,Darjeeling,Mall Road,1435 INR,3.9,Homestay in Darjeeling with great experience
1859,Skyline Hotel 488,Hotel,Stay,Darjeeling,Forest Area,6231 INR,3.1,Hotel in Darjeeling with great experience
1860,Winter Hub 549,Clothing Store,Shopping,Kalimpong,Mall Road,,3.3,Clothing Store in Kalimpong with great experience
1861,Trekking 101,Activity,Experience,Gangtok,Hill View,,4.3,Activity in Gangtok with great experience
1862,Taste of Hills 404,Restaurant,Food,Gangtok,Hill View,594 INR,3.8,Restaurant in Gangtok with great experience
1863,Mountain Brew 625,Cafe,Food,Dooars,Forest Area,857 INR,4.7,Cafe in Dooars with great experience
1864,Winter Hub 780,Clothing Store,Shopping,Gangtok,Hill View,,4.4,Clothing Store in Gangtok with great experience
1865,Luxury Hills Resort 636,Resort,Stay,Kalimpong,Forest Area,2625 INR,4.9,Resort in Kalimpong with great experience
1866,Himalayan Dine 528,Restaurant,Food,Gangtok,MG Marg,816 INR,4.9,Restaurant in Gangtok with great experience
1867,Forest Resort 117,Resort,Stay,Darjeeling,Tea Garden,5426 INR,4.6,Resort in Darjeeling with great experience
1868,Mountain Style 691,Clothing Store,Shopping,Darjeeling,Mall Road,,4.7,Clothing Store in Darjeeling with great experience
1869,Peak Residency 728,Hotel,Stay,Kurseong,City Center,5951 INR,4.7,Hotel in Kurseong with great experience
1870,Skyline Hotel 274,Hotel,Stay,Darjeeling,Mall Road,4661 INR,3.4,Hotel in Darjeeling with great experience
1871,Hotel Green View 137,Hotel,Stay,Gangtok,MG Marg,923 INR,3.2,Hotel in Gangtok with great experience
1872,Himalayan Dine 431,Restaurant,Food,Kurseong,Mall Road,890 INR,4.3,Restaurant in Kurseong with great experience
1873,Food Valley 577,Restaurant,Food,Kalimpong,Hill View,817 INR,3.7,Restaurant in Kalimpong with great experience
1874,Himalayan Wear 617,Clothing Store,Shopping,Mirik,City Center,,4.6,Clothing Store in Mirik with great experience
1875,Hill Stay Inn 211,Hotel,Stay,Dooars,Forest Area,3251 INR,3.1,Hotel in Dooars with great experience
1876,Valley View Stay 665,Homestay,Stay,Darjeeling,Mall Road,6131 INR,4.8,Homestay in Darjeeling with great experience
1877,Boating 112,Activity,Experience,Mirik,Hill View,,4.3,Activity in Mirik with great experience
1878,Forest Resort 512,Resort,Stay,Kalimpong,Mall Road,4944 INR,4.9,Resort in Kalimpong with great experience
1879,Valley View Stay 54,Homestay,Stay,Kurseong,City Center,3957 INR,3.1,Homestay in Kurseong with great experience
1880,Pahari Homestay 918,Homestay,Stay,Dooars,Forest Area,4552 INR,3.6,Homestay in Dooars with great experience
1881,Himalayan Dine 752,Restaurant,Food,Darjeeling,Mall Road,249 INR,4.2,Restaurant in Darjeeling with great experience
1882,Lake 619,Attraction,Experience,Kurseong,City Center,,4.1,Attraction in Kurseong with great experience
1883,Waterfall 96,Attraction,Experience,Kurseong,Mall Road,,3.9,Attraction in Kurseong with great experience
1884,Himalayan Wear 370,Clothing Store,Shopping,Darjeeling,Mall Road,,4.5,Clothing Store in Darjeeling with great experience
1885,Tea Garden Resort 702,Resort,Stay,Gangtok,MG Marg,5216 INR,4.4,Resort in Gangtok with great experience
1886,Valley View Stay 325,Homestay,Stay,Mirik,Tea Garden,6439 INR,4.2,Homestay in Mirik with great experience
1887,Skyline Hotel 890,Hotel,Stay,Darjeeling,Hill View,6642 INR,4.2,Hotel in Darjeeling with great experience
1888,Spice Route 34,Restaurant,Food,Mirik,City Center,410 INR,4.3,Restaurant in Mirik with great experience
1889,Waterfall 604,Attraction,Experience,Kurseong,Tea Garden,,3.0,Attraction in Kurseong with great experience
1890,Skyline Hotel 138,Hotel,Stay,Dooars,Tea Garden,7075 INR,3.8,Hotel in Dooars with great experience
1891,Trekking 604,Activity,Experience,Darjeeling,Mall Road,,4.3,Activity in Darjeeling with great experience
1892,Food Valley 716,Restaurant,Food,Kalimpong,Forest Area,645 INR,4.4,Restaurant in Kalimpong with great experience
1893,Trekking 289,Activity,Experience,Darjeeling,Mall Road,,4.7,Activity in Darjeeling with great experience
1894,Tea Garden Resort 14,Resort,Stay,Kalimpong,City Center,1293 INR,3.2,Resort in Kalimpong with great experience
1895,Spice Route 451,Restaurant,Food,Darjeeling,Mall Road,341 INR,4.8,Restaurant in Darjeeling with great experience
1896,Hill Stay Inn 367,Hotel,Stay,Darjeeling,City Center,6272 INR,4.8,Hotel in Darjeeling with great experience
1897,Toy Train Ride 286,Activity,Experience,Darjeeling,Tea Garden,,4.0,Activity in Darjeeling with great experience
1898,Mountain Nest 539,Homestay,Stay,Gangtok,MG Marg,5914 INR,4.0,Homestay in Gangtok with great experience
1899,Waterfall 948,Attraction,Experience,Kalimpong,City Center,,3.4,Attraction in Kalimpong with great experience
1900,Mountain Nest 471,Homestay,Stay,Mirik,City Center,4487 INR,3.3,Homestay in Mirik with great experience
1901,Safari 746,Activity,Experience,Dooars,Mall Road,,4.2,Activity in Dooars with great experience
1902,Lake 862,Attraction,Experience,Gangtok,MG Marg,,4.5,Attraction in Gangtok with great experience
1903,View Point 394,Attraction,Experience,Darjeeling,City Center,,4.4,Attraction in Darjeeling with great experience
1904,Skyline Hotel 739,Hotel,Stay,Mirik,Tea Garden,7165 INR,3.8,Hotel in Mirik with great experience
1905,Sunrise Coffee 776,Cafe,Food,Kurseong,Mall Road,568 INR,3.0,Cafe in Kurseong with great experience
1906,Himalayan Dine 846,Restaurant,Food,Kurseong,City Center,238 INR,4.4,Restaurant in Kurseong with great experience
1907,Spice Route 677,Restaurant,Food,Darjeeling,Mall Road,750 INR,4.0,Restaurant in Darjeeling with great experience
1908,Taste of Hills 712,Restaurant,Food,Kurseong,Forest Area,186 INR,4.8,Restaurant in Kurseong with great experience
1909,Valley View Stay 224,Homestay,Stay,Gangtok,MG Marg,6429 INR,4.3,Homestay in Gangtok with great experience
1910,Mountain Nest 75,Homestay,Stay,Gangtok,MG Marg,7156 INR,4.3,Homestay in Gangtok with great experience
1911,Peak Residency 303,Hotel,Stay,Kurseong,Hill View,5148 INR,4.9,Hotel in Kurseong with great experience
1912,Cafe Aroma 665,Cafe,Food,Mirik,Hill View,782 INR,4.8,Cafe in Mirik with great experience
1913,Himalayan Dine 913,Restaurant,Food,Darjeeling,Tea Garden,840 INR,4.3,Restaurant in Darjeeling with great experience
1914,Waterfall 533,Attraction,Experience,Gangtok,MG Marg,,4.5,Attraction in Gangtok with great experience
1915,Mountain Nest 3,Homestay,Stay,Darjeeling,Mall Road,994 INR,3.2,Homestay in Darjeeling with great experience
1916,Himalayan Wear 165,Clothing Store,Shopping,Darjeeling,Mall Road,,4.9,Clothing Store in Darjeeling with great experience
1917,Valley View Stay 151,Homestay,Stay,Gangtok,MG Marg,4640 INR,4.0,Homestay in Gangtok with great experience
1918,Winter Hub 420,Clothing Store,Shopping,Mirik,Tea Garden,,5.0,Clothing Store in Mirik with great experience
1919,Cloud9 Cafe 672,Cafe,Food,Darjeeling,Mall Road,289 INR,4.8,Cafe in Darjeeling with great experience
1920,Sunrise Coffee 525,Cafe,Food,Darjeeling,Tea Garden,828 INR,4.6,Cafe in Darjeeling with great experience
1921,Sunrise Coffee 86,Cafe,Food,Gangtok,MG Marg,316 INR,3.5,Cafe in Gangtok with great experience
1922,Himalayan Wear 489,Clothing Store,Shopping,Kurseong,Hill View,,3.1,Clothing Store in Kurseong with great experience
1923,Mountain Style 174,Clothing Store,Shopping,Gangtok,MG Marg,,3.3,Clothing Store in Gangtok with great experience
1924,Skyline Hotel 586,Hotel,Stay,Darjeeling,Tea Garden,1077 INR,3.9,Hotel in Darjeeling with great experience
1925,Food Valley 362,Restaurant,Food,Lava,City Center,698 INR,4.1,Restaurant in Lava with great experience
1926,Mountain Style 376,Clothing Store,Shopping,Kalimpong,City Center,,3.8,Clothing Store in Kalimpong with great experience
1927,Mountain Nest 999,Homestay,Stay,Darjeeling,Hill View,3942 INR,4.2,Homestay in Darjeeling with great experience
1928,Pahari Homestay 201,Homestay,Stay,Darjeeling,Tea Garden,7110 INR,4.2,Homestay in Darjeeling with great experience
1929,Forest Resort 38,Resort,Stay,Darjeeling,Mall Road,3611 INR,4.5,Resort in Darjeeling with great experience
1930,Waterfall 351,Attraction,Experience,Dooars,Tea Garden,,4.4,Attraction in Dooars with great experience
1931,Taste of Hills 804,Restaurant,Food,Mirik,City Center,705 INR,4.2,Restaurant in Mirik with great experience
1932,Himalayan Dine 287,Restaurant,Food,Mirik,City Center,374 INR,4.4,Restaurant in Mirik with great experience
1933,Hilltop Cafe 361,Cafe,Food,Darjeeling,Tea Garden,237 INR,4.9,Cafe in Darjeeling with great experience
1934,Monastery 311,Attraction,Experience,Gangtok,MG Marg,,4.7,Attraction in Gangtok with great experience
1935,Sunrise Coffee 81,Cafe,Food,Gangtok,MG Marg,667 INR,5.0,Cafe in Gangtok with great experience
1936,Safari 651,Activity,Experience,Dooars,Tea Garden,,4.4,Activity in Dooars with great experience
1937,Monastery 957,Attraction,Experience,Gangtok,MG Marg,,3.4,Attraction in Gangtok with great experience
1938,Pahari Homestay 454,Homestay,Stay,Darjeeling,Mall Road,6570 INR,3.4,Homestay in Darjeeling with great experience
1939,View Point 800,Attraction,Experience,Dooars,Forest Area,,4.9,Attraction in Dooars with great experience
1940,Taste of Hills 940,Restaurant,Food,Darjeeling,City Center,465 INR,4.8,Restaurant in Darjeeling with great experience
1941,Spice Route 824,Restaurant,Food,Gangtok,City Center,514 INR,4.4,Restaurant in Gangtok with great experience
1942,Tea Garden Resort 900,Resort,Stay,Lava,City Center,5357 INR,4.1,Resort in Lava with great experience
1943,Hotel Green View 8,Hotel,Stay,Darjeeling,Forest Area,1795 INR,4.3,Hotel in Darjeeling with great experience
1944,Tea Garden Resort 831,Resort,Stay,Mirik,Hill View,2574 INR,4.0,Resort in Mirik with great experience
1945,Hill Stay Inn 541,Hotel,Stay,Kurseong,Hill View,5825 INR,4.8,Hotel in Kurseong with great experience
1946,Boating 197,Activity,Experience,Mirik,Mall Road,,3.5,Activity in Mirik with great experience
1947,Food Valley 829,Restaurant,Food,Darjeeling,Mall Road,241 INR,3.5,Restaurant in Darjeeling with great experience
1948,Taste of Hills 666,Restaurant,Food,Kurseong,Tea Garden,653 INR,3.2,Restaurant in Kurseong with great experience
1949,Cloud9 Cafe 604,Cafe,Food,Darjeeling,Hill View,229 INR,4.1,Cafe in Darjeeling with great experience
1950,Toy Train Ride 100,Activity,Experience,Darjeeling,City Center,,3.3,Activity in Darjeeling with great experience
1951,Toy Train Ride 174,Activity,Experience,Darjeeling,Tea Garden,,3.4,Activity in Darjeeling with great experience
1952,Mountain Brew 449,Cafe,Food,Darjeeling,Mall Road,529 INR,3.8,Cafe in Darjeeling with great experience
1953,Safari 726,Activity,Experience,Dooars,City Center,,3.1,Activity in Dooars with great experience
1954,Lake 216,Attraction,Experience,Gangtok,MG Marg,,3.4,Attraction in Gangtok with great experience
1955,View Point 558,Attraction,Experience,Darjeeling,Hill View,,3.3,Attraction in Darjeeling with great experience
1956,Hill Stay Inn 203,Hotel,Stay,Darjeeling,Tea Garden,4189 INR,3.6,Hotel in Darjeeling with great experience
1957,Mountain Nest 639,Homestay,Stay,Gangtok,MG Marg,1607 INR,4.6,Homestay in Gangtok with great experience
1958,Valley View Stay 88,Homestay,Stay,Dooars,Forest Area,1622 INR,5.0,Homestay in Dooars with great experience
1959,Pahari Homestay 640,Homestay,Stay,Kalimpong,Mall Road,1882 INR,3.5,Homestay in Kalimpong with great experience
1960,Forest Resort 304,Resort,Stay,Kalimpong,City Center,7534 INR,4.9,Resort in Kalimpong with great experience
1961,Lake 707,Attraction,Experience,Darjeeling,Tea Garden,,4.7,Attraction in Darjeeling with great experience
1962,Himalayan Wear 874,Clothing Store,Shopping,Gangtok,City Center,,3.5,Clothing Store in Gangtok with great experience
1963,Cafe Aroma 328,Cafe,Food,Darjeeling,Hill View,908 INR,4.4,Cafe in Darjeeling with great experience
1964,Hotel Green View 851,Hotel,Stay,Kalimpong,Hill View,1406 INR,4.7,Hotel in Kalimpong with great experience
1965,Pahari Homestay 618,Homestay,Stay,Darjeeling,Mall Road,5870 INR,3.4,Homestay in Darjeeling with great experience
1966,Lake 294,Attraction,Experience,Kurseong,City Center,,4.0,Attraction in Kurseong with great experience
1967,Valley View Stay 912,Homestay,Stay,Lava,Hill View,1791 INR,4.9,Homestay in Lava with great experience
1968,View Point 774,Attraction,Experience,Dooars,Tea Garden,,4.0,Attraction in Dooars with great experience
1969,Hotel Green View 90,Hotel,Stay,Kalimpong,Forest Area,1928 INR,3.2,Hotel in Kalimpong with great experience
1970,Hotel Green View 505,Hotel,Stay,Darjeeling,Hill View,1878 INR,4.8,Hotel in Darjeeling with great experience
1971,Luxury Hills Resort 493,Resort,Stay,Gangtok,MG Marg,5756 INR,3.8,Resort in Gangtok with great experience
1972,Himalayan Wear 212,Clothing Store,Shopping,Gangtok,MG Marg,,3.6,Clothing Store in Gangtok with great experience
1973,Himalayan Dine 455,Restaurant,Food,Kalimpong,Hill View,495 INR,4.3,Restaurant in Kalimpong with great experience
1974,Mountain Brew 162,Cafe,Food,Kurseong,Hill View,798 INR,4.9,Cafe in Kurseong with great experience
1975,Pahari Homestay 223,Homestay,Stay,Gangtok,MG Marg,1306 INR,4.0,Homestay in Gangtok with great experience
1976,Monastery 990,Attraction,Experience,Kalimpong,Mall Road,,4.1,Attraction in Kalimpong with great experience
1977,Toy Train Ride 183,Activity,Experience,Darjeeling,Hill View,,3.9,Activity in Darjeeling with great experience
1978,Himalayan Wear 318,Clothing Store,Shopping,Darjeeling,Mall Road,,4.8,Clothing Store in Darjeeling with great experience
1979,Hotel Green View 69,Hotel,Stay,Lava,City Center,3619 INR,4.0,Hotel in Lava with great experience
1980,Spice Route 532,Restaurant,Food,Gangtok,MG Marg,931 INR,4.2,Restaurant in Gangtok with great experience
1981,Cloud9 Cafe 543,Cafe,Food,Dooars,City Center,629 INR,3.9,Cafe in Dooars with great experience
1982,Cloud9 Cafe 570,Cafe,Food,Darjeeling,City Center,707 INR,4.6,Cafe in Darjeeling with great experience
1983,Waterfall 175,Attraction,Experience,Darjeeling,Mall Road,,3.0,Attraction in Darjeeling with great experience
1984,Monastery 963,Attraction,Experience,Gangtok,City Center,,3.6,Attraction in Gangtok with great experience
1985,Himalayan Wear 956,Clothing Store,Shopping,Gangtok,MG Marg,,3.1,Clothing Store in Gangtok with great experience
1986,Mountain Brew 721,Cafe,Food,Darjeeling,Tea Garden,539 INR,3.9,Cafe in Darjeeling with great experience
1987,Valley View Stay 910,Homestay,Stay,Kurseong,City Center,2271 INR,4.1,Homestay in Kurseong with great experience
1988,Boating 505,Activity,Experience,Mirik,City Center,,3.2,Activity in Mirik with great experience
1989,Hill Stay Inn 696,Hotel,Stay,Lava,Hill View,2796 INR,3.4,Hotel in Lava with great experience
1990,Toy Train Ride 907,Activity,Experience,Darjeeling,City Center,,4.2,Activity in Darjeeling with great experience
1991,Pahari Homestay 612,Homestay,Stay,Kalimpong,Forest Area,7207 INR,4.6,Homestay in Kalimpong with great experience
1992,Trekking 843,Activity,Experience,Darjeeling,Tea Garden,,4.9,Activity in Darjeeling with great experience
1993,View Point 924,Attraction,Experience,Kalimpong,Forest Area,,4.2,Attraction in Kalimpong with great experience
1994,Toy Train Ride 938,Activity,Experience,Darjeeling,City Center,,3.7,Activity in Darjeeling with great experience
1995,Sunrise Coffee 849,Cafe,Food,Gangtok,MG Marg,981 INR,3.9,Cafe in Gangtok with great experience
1996,Pahari Homestay 131,Homestay,Stay,Gangtok,City Center,2074 INR,3.6,Homestay in Gangtok with great experience
1997,Himalayan Dine 692,Restaurant,Food,Darjeeling,Mall Road,793 INR,3.7,Restaurant in Darjeeling with great experience
1998,Cafe Aroma 539,Cafe,Food,Darjeeling,Forest Area,125 INR,4.0,Cafe in Darjeeling with great experience
1999,Peak Residency 195,Hotel,Stay,Darjeeling,City Center,3971 INR,3.3,Hotel in Darjeeling with great experience
2000,Skyline Hotel 22,Hotel,Stay,Kalimpong,City Center,7038 INR,3.5,Hotel in Kalimpong with great experience
